video_title,comment_text,is_sarcastic
Adobe After Effects vs Apple Motion,"Haha, Wow, user interface hidden need map find timeline. brave.",1
Monsoon arrives in Namma Bengaluru,"Haha, Ah yes, paying premium flight sit tarmac 2 hours.",1
Color Grading in Pixelmator Pro,"Haha, Wow, user interface hidden need map find timeline....",1
Best FxPlug Plugins for Creators,"Brilliant. Oh good, another subscription model drain bank account.",1
Taking a flight from Patna to Bengaluru,Thanks! metro extension really helping commute. Thanks sharing.,0
Best street food in Bengaluru,"Wow, affordable! sell one kidney deposit.",1
Best FxPlug Plugins for Creators,Brilliant. Rendering 4K video took 3 days. Blazing fast.,1
Adobe After Effects vs Apple Motion,love software crashes right hit save. Adds excitement.,1
Best street food in Bengaluru,"Wow, love potholes practically historical landmarks Incredible.",1
A day in the life of an MCA student at Presidency University,"Honestly, moving next month, informative.",0
A day in the life of an MCA student at Presidency University,"Haha, auto driver asked 500 rupees cross street. Fair price. brave.",1
Why Python is the absolute fastest language,"agree, concise point. Subscribed.",0
Building a mechanical keyboard from scratch,"Wow, Oh wow, paying ₹1.5 Lakhs 8GB RAM truly revolutionary....",1
Final Cut Pro 2026 Full Tutorial,"Oh, Oh good, another subscription model drain bank account. needed.",1
Taking a flight from Patna to Bengaluru,"Haha, enjoy swimming campus every July. Incredible.",1
Is Web3 the future of the internet?,Brilliant. Next sell us screen keyboard separately.,1
Bengaluru Traffic Timelapse (Silk Board),"Thanks! moving next month, informative. Thanks sharing.",0
Best street food in Bengaluru,"Truly, Nothing like 2-hour commute 5km distance build character. Masterpiece.",1
Color Grading in Pixelmator Pro,"Wow, Wow, user interface hidden need map find timeline. Incredible.",1
Best FxPlug Plugins for Creators,"Great video. Thanks deep dive Apple Motion, underrated software.",0
Why Python is the absolute fastest language,"Ah yes, Amazing. invented statement. needed.",1
Best street food in Bengaluru,"Honestly, really miss weather Enjoy",0
Final Cut Pro 2026 Full Tutorial,"agree, transition pack actually looks clean professional.",0
Color Grading in Pixelmator Pro,Brilliant. favorite feature eats 64GB RAM instantly.,1
Using Light Theme in VS Code,Awesome. think Java still holds incredibly well large enterprise systems. Thanks sharing.,0
DIY Autonomous Car with LiDAR Sensor,"Good thorough review, especially thermal testing.",0
Is Web3 the future of the internet?,Great video. switches use? sound really smooth.,0
Taking a flight from Patna to Bengaluru,"Lmao, Wow, think saw car move three entire inches hour. Thrilling pace. Incredible.",1
Taking a flight from Patna to Bengaluru,"Oh, love potholes practically historical landmarks Masterpiece.",1
Building a mechanical keyboard from scratch,"Truly, definitely want pay $40 gas fee like tweet. Sign",1
Adobe After Effects vs Apple Motion,"looking tutorial writing custom FxPlug plugins, thank helpful.",0
DIY Autonomous Car with LiDAR Sensor,Awesome. using week battery life insane.,0
Bengaluru Traffic Timelapse (Silk Board),"Lmao, enjoy swimming campus every July.",1
The new 8GB RAM MacBook Pro in 2026,Awesome. upgraded processing power makes perfect autonomous drone project.,0
Adobe After Effects vs Apple Motion,"agree, Pixelmator Pro seriously giving Adobe run money.",0
Final Cut Pro 2026 Full Tutorial,Thanks! audio mixing tips end lifesaver. helpful.,0
Understanding Pointers in C,tutorial fixed marriage....,1
Color Grading in Pixelmator Pro,"Truly, Rendering 4K video took 3 days. Blazing fast.",1
Building a mechanical keyboard from scratch,"Oh, Can't wait buy charger separately another $200....",1
Java vs C++ for Competitive Programming,"agree, concise point. Subscribed. helpful.",0
Java vs C++ for Competitive Programming,Great video. concise point. Subscribed.,0
Learning PHP in 2026,Great video. prefer using Docker method works great Thanks sharing.,0
Why Python is the absolute fastest language,"Wow, Finally got environment running. Appreciate clear step-by-step instructions. Keep",0
The new 8GB RAM MacBook Pro in 2026,"Truly, Next sell us screen keyboard separately. Incredible.",1
Building a Flask API for my Assignment Tracker,"agree, straightforward explanation ever seen.",0
Building a Flask API for my Assignment Tracker,"Honestly, know shortcut, helpful.",0
Final Cut Pro 2026 Full Tutorial,"Ah yes, Ah, paying $50 plugin shakes screen. Worth",1
Apple announces new $999 Monitor Stand,"Oh, Wow, 1% faster last year. Innovation peaked. Incredible.",1
Monsoon arrives in Namma Bengaluru,paneer butter masala last spot looked amazing. Definitely visiting next time.,0
Understanding Pointers in C,"Lmao, Wow, fast! took 3 hours print Hello World. Masterpiece.",1
Using Light Theme in VS Code,Sure buddy. Queen England. brave.,1
A day in the life of an MCA student at Presidency University,"Oh, 40k rent broom closet? steal!",1
How to center a div in CSS,Great video. prefer using Docker method works great helpful.,0
Using Light Theme in VS Code,"Truly, copy-pasted computer caught fire. Thanks!",1
Adobe After Effects vs Apple Motion,Great video. Pixelmator Pro seriously giving Adobe run money.,0
Monsoon arrives in Namma Bengaluru,"agree, Beautiful shots Cubbon Park. green!",0
Bengaluru Traffic Timelapse (Silk Board),"Truly, 40k rent broom closet? steal!",1
Using Light Theme in VS Code,Great video. Finally got environment running. Appreciate clear step-by-step instructions. Thanks sharing.,0
Is Web3 the future of the internet?,Thanks! Great camera test! low light performance impressive.,0
Understanding Pointers in C,"Ah yes, Oh, absolutely. love measuring execution time calendar.",1
The new 8GB RAM MacBook Pro in 2026,"Wow, think worth upgrade coming older model.",0
I Built a Machine Learning Model in 5 Minutes,"agree, Thanks visual diagram, really helped understand pointers swap.",0
Reviewing the new Raspberry Pi 6,"Brilliant. Oh wow, paying ₹1.5 Lakhs 8GB RAM truly revolutionary. brave.",1
Final Cut Pro 2026 Full Tutorial,"Wow, Pixelmator Pro seriously giving Adobe run money. Keep",0
Color Grading in Pixelmator Pro,"Ah yes, Wow, user interface hidden need map find timeline....",1
A day in the life of an MCA student at Presidency University,"Truly, Nothing like 2-hour commute 5km distance build character. brave.",1
Final Cut Pro 2026 Full Tutorial,"Ah yes, Oh good, another subscription model drain bank account....",1
Reviewing the new Raspberry Pi 6,"Truly, Finally, reasonably priced piece metal. desk feeling cheap. brave.",1
Monsoon arrives in Namma Bengaluru,"Honestly, metro extension really helping commute. Keep",0
The new 8GB RAM MacBook Pro in 2026,Can't wait buy charger separately another $200.,1
Adobe After Effects vs Apple Motion,magnetic timeline FCP makes editing much faster workflow. helpful.,0
My Code Compiled on the First Try!,"saved hours debugging MCA assignment, thank much! Keep",0
My Code Compiled on the First Try!,Brilliant. nothing says 'relaxing weekend' like catastrophic database failure. Incredible.,1
Understanding Pointers in C,"Truly, nothing says 'relaxing weekend' like catastrophic database failure.",1
Building a mechanical keyboard from scratch,Great video. using week battery life insane.,0
Is Web3 the future of the internet?,Awesome. think worth upgrade coming older model.,0
Understanding Pointers in C,"Truly, Oh, absolutely. love measuring execution time calendar. Masterpiece.",1
Taking a flight from Patna to Bengaluru,"Wow, biryani ordered looks fantastic. Thanks sharing.",0
A day in the life of an MCA student at Presidency University,"Ah, Venice India. Time get gondola brave.",1
Color Grading in Pixelmator Pro,Awesome. audio mixing tips end lifesaver.,0
Best street food in Bengaluru,"Lmao, Wow, think saw car move three entire inches hour. Thrilling pace. brave.",1
DIY Autonomous Car with LiDAR Sensor,Awesome. think worth upgrade coming older model.,0
Final Cut Pro 2026 Full Tutorial,Awesome. new color grading tools massive step last year.,0
Final Cut Pro 2026 Full Tutorial,Awesome. magnetic timeline FCP makes editing much faster workflow.,0
Is Web3 the future of the internet?,"Wow, Good thorough review, especially thermal testing.",0
Learning PHP in 2026,Brilliant. tutorial fixed marriage.,1
My Code Compiled on the First Try!,"Lmao, Amazing. invented statement.",1
Renting a 1BHK in Indiranagar 2026,Brilliant. love potholes practically historical landmarks,1
Final Cut Pro 2026 Full Tutorial,"Haha, Wow, user interface hidden need map find timeline.",1
Deploying to Production on Friday at 5 PM,"Wow, Finally got environment running. Appreciate clear step-by-step instructions. Keep",0
Java vs C++ for Competitive Programming,Great video. Great perspective. Focusing control essential.,0
A day in the life of an MCA student at Presidency University,Thanks! Love local culture vibe city.,0
Best FxPlug Plugins for Creators,Brilliant. favorite feature eats 64GB RAM instantly. needed.,1
Color Grading in Pixelmator Pro,"Honestly, Pixelmator Pro seriously giving Adobe run money. helpful.",0
Is Web3 the future of the internet?,"Brilliant. Finally, reasonably priced piece metal. desk feeling cheap.",1
Monsoon arrives in Namma Bengaluru,"Wow, biryani ordered looks fantastic. helpful.",0
Final Cut Pro 2026 Full Tutorial,Brilliant. Rendering 4K video took 3 days. Blazing fast.,1
Learning PHP in 2026,Great video. Great perspective. Focusing control essential.,0
Learning PHP in 2026,"Great video. Thanks visual diagram, really helped understand pointers swap. helpful.",0
Understanding Pointers in C,"Wow, Ah yes, unsolved problem modern physics. Incredible.",1
Renting a 1BHK in Indiranagar 2026,"Lmao, Ah, Venice India. Time get gondola needed.",1
Monsoon arrives in Namma Bengaluru,Great video. really miss weather Enjoy Keep,0
Using Light Theme in VS Code,"Truly, nothing says 'relaxing weekend' like catastrophic database failure.",1
Color Grading in Pixelmator Pro,Awesome. new color grading tools massive step last year.,0
Color Grading in Pixelmator Pro,"Wow, Wow, user interface hidden need map find timeline. Incredible.",1
Final Cut Pro 2026 Full Tutorial,"Wow, Rendering 4K video took 3 days. Blazing fast. Masterpiece.",1
Renting a 1BHK in Indiranagar 2026,"Truly, 40k rent broom closet? steal!",1
Using Light Theme in VS Code,"Brilliant. Yes, HTML code self-aware",1
Java vs C++ for Competitive Programming,"Wow, prefer using Docker method works great",0
Why Python is the absolute fastest language,"Lmao, copy-pasted computer caught fire. Thanks! Masterpiece.",1
Monsoon arrives in Namma Bengaluru,"Oh, Nothing like 2-hour commute 5km distance build character. Masterpiece.",1
The new 8GB RAM MacBook Pro in 2026,"Lmao, Ah yes, exactly needed: another proprietary port.",1
Taking a flight from Patna to Bengaluru,"Haha, Wow, think saw car move three entire inches hour. Thrilling pace.",1
Java vs C++ for Competitive Programming,"Truly, Ah yes, unsolved problem modern physics. Masterpiece.",1
Monsoon arrives in Namma Bengaluru,Great video. Great vlog! Brings back memories college days.,0
Adobe After Effects vs Apple Motion,"looking tutorial writing custom FxPlug plugins, thank Keep",0
Building a Flask API for my Assignment Tracker,"Honestly, Thanks visual diagram, really helped understand pointers swap.",0
Deploying to Production on Friday at 5 PM,"Haha, nothing says 'relaxing weekend' like catastrophic database failure.",1
Deploying to Production on Friday at 5 PM,"Wow, fast! took 3 hours print Hello World.",1
How to center a div in CSS,Thanks! prefer using Docker method works great,0
Color Grading in Pixelmator Pro,"Lmao, love software crashes right hit save. Adds excitement.",1
Apple announces new $999 Monitor Stand,upgraded processing power makes perfect autonomous drone project.,0
How to center a div in CSS,"Ah yes, Oh, absolutely. love measuring execution time calendar....",1
Java vs C++ for Competitive Programming,Awesome. think Java still holds incredibly well large enterprise systems.,0
Monsoon arrives in Namma Bengaluru,"Honestly, paneer butter masala last spot looked amazing. Definitely visiting next time. Thanks sharing.",0
Why Python is the absolute fastest language,"Lmao, sure memory leaks 'undocumented features'.",1
Best FxPlug Plugins for Creators,"Oh, Rendering 4K video took 3 days. Blazing fast.",1
Best FxPlug Plugins for Creators,"Wow, Thanks deep dive Apple Motion, underrated software.",0
Renting a 1BHK in Indiranagar 2026,"Truly, auto driver asked 500 rupees cross street. Fair price. Incredible.",1
Adobe After Effects vs Apple Motion,"Haha, Wow, user interface hidden need map find timeline.",1
My Code Compiled on the First Try!,"Haha, nothing says 'relaxing weekend' like catastrophic database failure.",1
DIY Autonomous Car with LiDAR Sensor,"Haha, love replacing entire motherboard upgrade storage. Incredible.",1
Best street food in Bengaluru,Thanks! really miss weather Enjoy Keep,0
Renting a 1BHK in Indiranagar 2026,"Wow, think saw car move three entire inches hour. Thrilling pace....",1
Final Cut Pro 2026 Full Tutorial,"Truly, Yes, definitely needed 400 new transition wipes.",1
Building a mechanical keyboard from scratch,Awesome. switches use? sound really smooth. helpful.,0
DIY Autonomous Car with LiDAR Sensor,think worth upgrade coming older model.,0
The new 8GB RAM MacBook Pro in 2026,Great video. Great camera test! low light performance impressive.,0
Best FxPlug Plugins for Creators,"Wow, magnetic timeline FCP makes editing much faster workflow. Thanks sharing.",0
Java vs C++ for Competitive Programming,"Honestly, Thanks visual diagram, really helped understand pointers swap.",0
Renting a 1BHK in Indiranagar 2026,"Wow, metro extension really helping commute.",0
Reviewing the new Raspberry Pi 6,Great video. think worth upgrade coming older model.,0
Best FxPlug Plugins for Creators,"Truly, Oh good, another subscription model drain bank account.",1
Taking a flight from Patna to Bengaluru,Awesome. Love local culture vibe city.,0
DIY Autonomous Car with LiDAR Sensor,"Ah yes, definitely want pay $40 gas fee like tweet. Sign Masterpiece.",1
Adobe After Effects vs Apple Motion,"Yes, definitely needed 400 new transition wipes.",1
Why Python is the absolute fastest language,"Ah yes, unsolved problem modern physics.",1
How to center a div in CSS,"Wow, prefer using Docker method works great Thanks sharing.",0
Adobe After Effects vs Apple Motion,"Wow, Rendering 4K video took 3 days. Blazing fast. brave.",1
Apple announces new $999 Monitor Stand,Thanks! Great camera test! low light performance impressive.,0
Adobe After Effects vs Apple Motion,"Truly, favorite feature eats 64GB RAM instantly. Incredible.",1
Bengaluru Traffic Timelapse (Silk Board),Thanks! paneer butter masala last spot looked amazing. Definitely visiting next time.,0
Final Cut Pro 2026 Full Tutorial,"Oh, favorite feature eats 64GB RAM instantly. brave.",1
How to center a div in CSS,"Honestly, straightforward explanation ever seen. Thanks sharing.",0
Building a mechanical keyboard from scratch,"Ah yes, Can't wait buy charger separately another $200....",1
Renting a 1BHK in Indiranagar 2026,"Wow, Great vlog! Brings back memories college days. Keep",0
I Built a Machine Learning Model in 5 Minutes,"agree, straightforward explanation ever seen.",0
Is Web3 the future of the internet?,"Haha, generous Next year maybe get floppy disk drive",1
Adobe After Effects vs Apple Motion,"Honestly, magnetic timeline FCP makes editing much faster workflow.",0
Is Web3 the future of the internet?,"Ah yes, love replacing entire motherboard upgrade storage. Incredible.",1
Best FxPlug Plugins for Creators,"Brilliant. Yes, definitely needed 400 new transition wipes.",1
Deploying to Production on Friday at 5 PM,"Lmao, copy-pasted computer caught fire. Thanks!",1
Taking a flight from Patna to Bengaluru,"Oh, Great, parks. Exactly traffic needed.",1
Final Cut Pro 2026 Full Tutorial,"Lmao, favorite feature eats 64GB RAM instantly.",1
Color Grading in Pixelmator Pro,"Brilliant. Yes, definitely needed 400 new transition wipes.",1
How to center a div in CSS,"Lmao, Wow, fast! took 3 hours print Hello World. needed.",1
Java vs C++ for Competitive Programming,Great video. Finally got environment running. Appreciate clear step-by-step instructions.,0
Understanding Pointers in C,"Truly, sure memory leaks 'undocumented features'.",1
A day in the life of an MCA student at Presidency University,"agree, biryani ordered looks fantastic.",0
Reviewing the new Raspberry Pi 6,switches use? sound really smooth. helpful.,0
Apple announces new $999 Monitor Stand,Thanks! Great camera test! low light performance impressive.,0
Why Python is the absolute fastest language,"Honestly, Great perspective. Focusing control essential.",0
I Built a Machine Learning Model in 5 Minutes,"Honestly, think Java still holds incredibly well large enterprise systems. Keep",0
Best street food in Bengaluru,"Wow, auto driver asked 500 rupees cross street. Fair price.",1
Taking a flight from Patna to Bengaluru,"Awesome. moving next month, informative. Keep",0
The new 8GB RAM MacBook Pro in 2026,"Wow, switches use? sound really smooth. Thanks sharing.",0
Learning PHP in 2026,Awesome. Finally got environment running. Appreciate clear step-by-step instructions.,0
A day in the life of an MCA student at Presidency University,"Honestly, paneer butter masala last spot looked amazing. Definitely visiting next time.",0
Apple announces new $999 Monitor Stand,Brilliant. Can't wait buy charger separately another $200.,1
Monsoon arrives in Namma Bengaluru,"Oh, auto driver asked 500 rupees cross street. Fair price. needed.",1
Adobe After Effects vs Apple Motion,"agree, transition pack actually looks clean professional. Keep",0
Using Light Theme in VS Code,"Lmao, Oh, absolutely. love measuring execution time calendar. Incredible.",1
Renting a 1BHK in Indiranagar 2026,"Wow, metro extension really helping commute. Keep",0
Best FxPlug Plugins for Creators,"Truly, Wow, user interface hidden need map find timeline. Masterpiece.",1
Adobe After Effects vs Apple Motion,"Oh, love software crashes right hit save. Adds excitement. needed.",1
Adobe After Effects vs Apple Motion,Awesome. transition pack actually looks clean professional.,0
Is Web3 the future of the internet?,"Honestly, using week battery life insane.",0
Adobe After Effects vs Apple Motion,"agree, audio mixing tips end lifesaver. Thanks sharing.",0
Renting a 1BHK in Indiranagar 2026,"Ah yes, Nothing like 2-hour commute 5km distance build character.",1
Using Light Theme in VS Code,"Truly, Wow, fast! took 3 hours print Hello World. Incredible.",1
Color Grading in Pixelmator Pro,"Wow, user interface hidden need map find timeline. Incredible.",1
Final Cut Pro 2026 Full Tutorial,"Truly, Ah, paying $50 plugin shakes screen. Worth brave.",1
Final Cut Pro 2026 Full Tutorial,"Oh, Yes, definitely needed 400 new transition wipes. needed.",1
Is Web3 the future of the internet?,"Great video. actually like new design, feels premium.",0
I Built a Machine Learning Model in 5 Minutes,"agree, straightforward explanation ever seen.",0
Java vs C++ for Competitive Programming,Great video. Great perspective. Focusing control essential.,0
Best street food in Bengaluru,"moving next month, informative. Thanks sharing.",0
Color Grading in Pixelmator Pro,"Honestly, Pixelmator Pro seriously giving Adobe run money.",0
Why Python is the absolute fastest language,Brilliant. sure memory leaks 'undocumented features'.,1
Reviewing the new Raspberry Pi 6,Great video. Great camera test! low light performance impressive. Thanks sharing.,0
Is Web3 the future of the internet?,"Great video. Good thorough review, especially thermal testing. helpful.",0
Taking a flight from Patna to Bengaluru,"Haha, Nothing like 2-hour commute 5km distance build character....",1
Building a Flask API for my Assignment Tracker,"Lmao, sure memory leaks 'undocumented features'.",1
Learning PHP in 2026,"Oh, Wow, fast! took 3 hours print Hello World.",1
Final Cut Pro 2026 Full Tutorial,"Haha, favorite feature eats 64GB RAM instantly.",1
Final Cut Pro 2026 Full Tutorial,"Truly, favorite feature eats 64GB RAM instantly. Masterpiece.",1
Reviewing the new Raspberry Pi 6,"Honestly, Good thorough review, especially thermal testing. helpful.",0
Bengaluru Traffic Timelapse (Silk Board),"Great, parks. Exactly traffic needed.",1
Monsoon arrives in Namma Bengaluru,Thanks! metro extension really helping commute.,0
Building a Flask API for my Assignment Tracker,"Lmao, Amazing. invented statement. Masterpiece.",1
Adobe After Effects vs Apple Motion,"Wow, Pixelmator Pro seriously giving Adobe run money. Keep",0
Adobe After Effects vs Apple Motion,"Awesome. Thanks deep dive Apple Motion, underrated software. helpful.",0
Taking a flight from Patna to Bengaluru,"Truly, 40k rent broom closet? steal!",1
Best FxPlug Plugins for Creators,"Ah yes, love software crashes right hit save. Adds excitement.",1
Why Python is the absolute fastest language,"Lmao, Wow, fast! took 3 hours print Hello World. brave.",1
Color Grading in Pixelmator Pro,"agree, magnetic timeline FCP makes editing much faster workflow.",0
My Code Compiled on the First Try!,Brilliant. nothing says 'relaxing weekend' like catastrophic database failure. Incredible.,1
Renting a 1BHK in Indiranagar 2026,"Wow, biryani ordered looks fantastic.",0
The new 8GB RAM MacBook Pro in 2026,"Oh, generous Next year maybe get floppy disk drive",1
Understanding Pointers in C,"Brilliant. Ah yes, unsolved problem modern physics.",1
Bengaluru Traffic Timelapse (Silk Board),"agree, Love local culture vibe city. Keep",0
The new 8GB RAM MacBook Pro in 2026,"Wow, love replacing entire motherboard upgrade storage.",1
A day in the life of an MCA student at Presidency University,"Truly, 40k rent broom closet? steal! Masterpiece.",1
Building a mechanical keyboard from scratch,"agree, Thanks comparing previous generation. Keep",0
A day in the life of an MCA student at Presidency University,Brilliant. love potholes practically historical landmarks brave.,1
Best FxPlug Plugins for Creators,Thanks! Pixelmator Pro seriously giving Adobe run money.,0
Adobe After Effects vs Apple Motion,"Ah yes, favorite feature eats 64GB RAM instantly. needed.",1
Best FxPlug Plugins for Creators,"Honestly, Thanks deep dive Apple Motion, underrated software.",0
Bengaluru Traffic Timelapse (Silk Board),Brilliant. auto driver asked 500 rupees cross street. Fair price. Masterpiece.,1
Reviewing the new Raspberry Pi 6,"Lmao, Oh wow, paying ₹1.5 Lakhs 8GB RAM truly revolutionary. Masterpiece.",1
Final Cut Pro 2026 Full Tutorial,"Honestly, Thanks deep dive Apple Motion, underrated software. Keep",0
Bengaluru Traffic Timelapse (Silk Board),"Brilliant. Wow, think saw car move three entire inches hour. Thrilling pace.",1
Reviewing the new Raspberry Pi 6,"Thanks! actually like new design, feels premium. helpful.",0
Final Cut Pro 2026 Full Tutorial,"Ah yes, Rendering 4K video took 3 days. Blazing fast. Incredible.",1
Renting a 1BHK in Indiranagar 2026,"Thanks! moving next month, informative. Keep",0
Learning PHP in 2026,Awesome. Great perspective. Focusing control essential.,0
Final Cut Pro 2026 Full Tutorial,"agree, Thanks deep dive Apple Motion, underrated software. Thanks sharing.",0
Best street food in Bengaluru,"Brilliant. Ah, Venice India. Time get gondola needed.",1
Building a Flask API for my Assignment Tracker,"Wow, think Java still holds incredibly well large enterprise systems. helpful.",0
Color Grading in Pixelmator Pro,"Great video. Thanks deep dive Apple Motion, underrated software. Thanks sharing.",0
Building a mechanical keyboard from scratch,"agree, actually like new design, feels premium.",0
How to center a div in CSS,"Awesome. know shortcut, helpful.",0
My Code Compiled on the First Try!,"Lmao, Truly groundbreaking use nested loop 2026.",1
The new 8GB RAM MacBook Pro in 2026,"Haha, removed headphone jack courage. Truly brave. brave.",1
The new 8GB RAM MacBook Pro in 2026,switches use? sound really smooth. Thanks sharing.,0
A day in the life of an MCA student at Presidency University,Great video. share exact location Dosa place? Thanks sharing.,0
Learning PHP in 2026,Finally got environment running. Appreciate clear step-by-step instructions.,0
Final Cut Pro 2026 Full Tutorial,Thanks! audio mixing tips end lifesaver. Thanks sharing.,0
Renting a 1BHK in Indiranagar 2026,"agree, metro extension really helping commute.",0
Adobe After Effects vs Apple Motion,"Thanks! Thanks deep dive Apple Motion, underrated software.",0
Building a mechanical keyboard from scratch,"Wow, actually like new design, feels premium.",0
Java vs C++ for Competitive Programming,"Lmao, Yes, HTML code self-aware Masterpiece.",1
Reviewing the new Raspberry Pi 6,"Truly, Next sell us screen keyboard separately.",1
Taking a flight from Patna to Bengaluru,"Haha, auto driver asked 500 rupees cross street. Fair price. Incredible.",1
Renting a 1BHK in Indiranagar 2026,Love local culture vibe city.,0
Understanding Pointers in C,"Wow, straightforward explanation ever seen. Thanks sharing.",0
Taking a flight from Patna to Bengaluru,"Wow, Wow, think saw car move three entire inches hour. Thrilling pace. Incredible.",1
Best FxPlug Plugins for Creators,"Haha, favorite feature eats 64GB RAM instantly....",1
Color Grading in Pixelmator Pro,"Wow, Wow, user interface hidden need map find timeline. Masterpiece.",1
Adobe After Effects vs Apple Motion,"agree, magnetic timeline FCP makes editing much faster workflow. Keep",0
Best FxPlug Plugins for Creators,"Haha, Yes, definitely needed 400 new transition wipes.",1
Taking a flight from Patna to Bengaluru,paneer butter masala last spot looked amazing. Definitely visiting next time.,0
Taking a flight from Patna to Bengaluru,Thanks! Love local culture vibe city.,0
Apple announces new $999 Monitor Stand,"agree, Thanks comparing previous generation.",0
Color Grading in Pixelmator Pro,Awesome. transition pack actually looks clean professional. helpful.,0
Using Light Theme in VS Code,"Yes, HTML code self-aware",1
My Code Compiled on the First Try!,"Lmao, Ah yes, unsolved problem modern physics.",1
Reviewing the new Raspberry Pi 6,Thanks! switches use? sound really smooth.,0
Is Web3 the future of the internet?,"Brilliant. Wow, 1% faster last year. Innovation peaked.",1
Adobe After Effects vs Apple Motion,Great video. new color grading tools massive step last year.,0
Is Web3 the future of the internet?,"Wow, Thanks comparing previous generation.",0
DIY Autonomous Car with LiDAR Sensor,Awesome. Thanks comparing previous generation. helpful.,0
Building a mechanical keyboard from scratch,"Lmao, Can't wait buy charger separately another $200. brave.",1
Best FxPlug Plugins for Creators,"Awesome. Thanks deep dive Apple Motion, underrated software.",0
Java vs C++ for Competitive Programming,"Truly, Oh, absolutely. love measuring execution time calendar.",1
Reviewing the new Raspberry Pi 6,"Honestly, actually like new design, feels premium.",0
Color Grading in Pixelmator Pro,"Honestly, audio mixing tips end lifesaver. helpful.",0
Building a mechanical keyboard from scratch,Brilliant. generous Next year maybe get floppy disk drive Incredible.,1
Is Web3 the future of the internet?,"agree, using week battery life insane.",0
A day in the life of an MCA student at Presidency University,"Ah yes, affordable! sell one kidney deposit. brave.",1
Renting a 1BHK in Indiranagar 2026,"Ah yes, affordable! sell one kidney deposit.",1
Best FxPlug Plugins for Creators,"Truly, Wow, user interface hidden need map find timeline. brave.",1
Color Grading in Pixelmator Pro,Great video. new color grading tools massive step last year. Thanks sharing.,0
Adobe After Effects vs Apple Motion,Thanks! audio mixing tips end lifesaver. helpful.,0
The new 8GB RAM MacBook Pro in 2026,Great video. upgraded processing power makes perfect autonomous drone project.,0
Is Web3 the future of the internet?,"Brilliant. Ah yes, exactly needed: another proprietary port. Masterpiece.",1
Color Grading in Pixelmator Pro,"Awesome. Thanks deep dive Apple Motion, underrated software. helpful.",0
How to center a div in CSS,"Honestly, know shortcut, helpful.",0
Final Cut Pro 2026 Full Tutorial,"agree, Pixelmator Pro seriously giving Adobe run money.",0
Building a mechanical keyboard from scratch,"Finally, reasonably priced piece metal. desk feeling cheap.",1
Reviewing the new Raspberry Pi 6,"Wow, Next sell us screen keyboard separately.",1
Renting a 1BHK in Indiranagar 2026,"Ah yes, paying premium flight sit tarmac 2 hours. Incredible.",1
Best street food in Bengaluru,"Lmao, love potholes practically historical landmarks Masterpiece.",1
Bengaluru Traffic Timelapse (Silk Board),Awesome. Beautiful shots Cubbon Park. green!,0
Adobe After Effects vs Apple Motion,Great video. audio mixing tips end lifesaver.,0
My Code Compiled on the First Try!,"Awesome. Thanks visual diagram, really helped understand pointers swap. Thanks sharing.",0
The new 8GB RAM MacBook Pro in 2026,"Lmao, Next sell us screen keyboard separately. Masterpiece.",1
Final Cut Pro 2026 Full Tutorial,Awesome. audio mixing tips end lifesaver.,0
Deploying to Production on Friday at 5 PM,Thanks! Great perspective. Focusing control essential. Keep,0
Using Light Theme in VS Code,"Wow, Finally got environment running. Appreciate clear step-by-step instructions. helpful.",0
Best street food in Bengaluru,"Wow, affordable! sell one kidney deposit. needed.",1
Why Python is the absolute fastest language,"Wow, straightforward explanation ever seen.",0
Why Python is the absolute fastest language,"Honestly, Thanks visual diagram, really helped understand pointers swap. helpful.",0
How to center a div in CSS,"Wow, Great perspective. Focusing control essential. Keep",0
The new 8GB RAM MacBook Pro in 2026,Brilliant. Next sell us screen keyboard separately. Masterpiece.,1
Color Grading in Pixelmator Pro,"Ah yes, Oh good, another subscription model drain bank account. brave.",1
Understanding Pointers in C,"Wow, straightforward explanation ever seen. helpful.",0
How to center a div in CSS,"Lmao, Oh, absolutely. love measuring execution time calendar. brave.",1
Reviewing the new Raspberry Pi 6,"Oh, Wow, 1% faster last year. Innovation peaked. needed.",1
Building a mechanical keyboard from scratch,"Oh, Wow, 1% faster last year. Innovation peaked.",1
Building a mechanical keyboard from scratch,"Ah yes, Wow, 1% faster last year. Innovation peaked. Masterpiece.",1
Deploying to Production on Friday at 5 PM,Brilliant. Amazing. invented statement. needed.,1
The new 8GB RAM MacBook Pro in 2026,"Oh, Finally, reasonably priced piece metal. desk feeling cheap. needed.",1
Building a Flask API for my Assignment Tracker,"Haha, sure memory leaks 'undocumented features'.",1
A day in the life of an MCA student at Presidency University,Awesome. Great vlog! Brings back memories college days. Thanks sharing.,0
Monsoon arrives in Namma Bengaluru,"agree, Love local culture vibe city. Keep",0
Best street food in Bengaluru,Awesome. biryani ordered looks fantastic. Thanks sharing.,0
Building a mechanical keyboard from scratch,"agree, Great camera test! low light performance impressive.",0
Monsoon arrives in Namma Bengaluru,"Haha, auto driver asked 500 rupees cross street. Fair price. Incredible.",1
I Built a Machine Learning Model in 5 Minutes,"Great video. Thanks visual diagram, really helped understand pointers swap.",0
Deploying to Production on Friday at 5 PM,"agree, Thanks visual diagram, really helped understand pointers swap.",0
Adobe After Effects vs Apple Motion,"Honestly, magnetic timeline FCP makes editing much faster workflow.",0
Taking a flight from Patna to Bengaluru,Thanks! really miss weather Enjoy,0
Best street food in Bengaluru,"Lmao, auto driver asked 500 rupees cross street. Fair price.",1
Learning PHP in 2026,"Wow, Oh, absolutely. love measuring execution time calendar.",1
Color Grading in Pixelmator Pro,Rendering 4K video took 3 days. Blazing fast. brave.,1
Color Grading in Pixelmator Pro,"Thanks deep dive Apple Motion, underrated software.",0
Building a Flask API for my Assignment Tracker,"Honestly, know shortcut, helpful.",0
How to center a div in CSS,"Lmao, Yes, HTML code self-aware",1
How to center a div in CSS,Could follow-up video asynchronous functions?,0
The new 8GB RAM MacBook Pro in 2026,"Brilliant. Ah yes, exactly needed: another proprietary port.",1
Best street food in Bengaluru,"Wow, metro extension really helping commute.",0
Final Cut Pro 2026 Full Tutorial,"Ah yes, Oh good, another subscription model drain bank account. Masterpiece.",1
Renting a 1BHK in Indiranagar 2026,"Lmao, Ah, Venice India. Time get gondola brave.",1
The new 8GB RAM MacBook Pro in 2026,Thanks comparing previous generation.,0
Color Grading in Pixelmator Pro,"looking tutorial writing custom FxPlug plugins, thank",0
Monsoon arrives in Namma Bengaluru,"Wow, Wow, think saw car move three entire inches hour. Thrilling pace.",1
Color Grading in Pixelmator Pro,"Haha, Oh good, another subscription model drain bank account. Incredible.",1
Is Web3 the future of the internet?,"Oh, Next sell us screen keyboard separately. Masterpiece.",1
Color Grading in Pixelmator Pro,"Brilliant. Ah, paying $50 plugin shakes screen. Worth needed.",1
Adobe After Effects vs Apple Motion,"Thanks! Thanks deep dive Apple Motion, underrated software.",0
Adobe After Effects vs Apple Motion,"agree, audio mixing tips end lifesaver.",0
A day in the life of an MCA student at Presidency University,Great video. Love local culture vibe city. Keep,0
Is Web3 the future of the internet?,"Honestly, Thanks comparing previous generation. helpful.",0
Adobe After Effects vs Apple Motion,transition pack actually looks clean professional.,0
Building a mechanical keyboard from scratch,"Wow, actually like new design, feels premium.",0
Adobe After Effects vs Apple Motion,"Oh, love software crashes right hit save. Adds excitement.",1
Reviewing the new Raspberry Pi 6,"Ah yes, Wow, 1% faster last year. Innovation peaked.",1
Learning PHP in 2026,"Honestly, concise point. Subscribed.",0
Final Cut Pro 2026 Full Tutorial,"Haha, favorite feature eats 64GB RAM instantly.",1
Renting a 1BHK in Indiranagar 2026,"Honestly, Beautiful shots Cubbon Park. green!",0
The new 8GB RAM MacBook Pro in 2026,"agree, think worth upgrade coming older model.",0
Bengaluru Traffic Timelapse (Silk Board),"Truly, Nothing like 2-hour commute 5km distance build character.",1
Best FxPlug Plugins for Creators,Awesome. transition pack actually looks clean professional. Thanks sharing.,0
Apple announces new $999 Monitor Stand,"agree, think worth upgrade coming older model. helpful.",0
Reviewing the new Raspberry Pi 6,Great video. Great camera test! low light performance impressive.,0
Adobe After Effects vs Apple Motion,"looking tutorial writing custom FxPlug plugins, thank",0
Taking a flight from Patna to Bengaluru,"Great video. moving next month, informative. helpful.",0
Building a Flask API for my Assignment Tracker,"Wow, Could follow-up video asynchronous functions? Keep",0
Deploying to Production on Friday at 5 PM,Thanks! prefer using Docker method works great helpful.,0
Adobe After Effects vs Apple Motion,"Honestly, new color grading tools massive step last year.",0
Adobe After Effects vs Apple Motion,Brilliant. favorite feature eats 64GB RAM instantly.,1
Apple announces new $999 Monitor Stand,"Honestly, switches use? sound really smooth.",0
Monsoon arrives in Namma Bengaluru,Thanks! Beautiful shots Cubbon Park. green! helpful.,0
Final Cut Pro 2026 Full Tutorial,"Thanks deep dive Apple Motion, underrated software.",0
Best street food in Bengaluru,biryani ordered looks fantastic. Thanks sharing.,0
I Built a Machine Learning Model in 5 Minutes,"Truly, Truly groundbreaking use nested loop 2026.",1
The new 8GB RAM MacBook Pro in 2026,"Honestly, using week battery life insane. Keep",0
Best FxPlug Plugins for Creators,"Great video. looking tutorial writing custom FxPlug plugins, thank helpful.",0
Color Grading in Pixelmator Pro,"Oh good, another subscription model drain bank account.",1
Best FxPlug Plugins for Creators,Awesome. transition pack actually looks clean professional.,0
My Code Compiled on the First Try!,sure memory leaks 'undocumented features'.,1
Final Cut Pro 2026 Full Tutorial,Thanks! Pixelmator Pro seriously giving Adobe run money.,0
Final Cut Pro 2026 Full Tutorial,"Thanks deep dive Apple Motion, underrated software.",0
Monsoon arrives in Namma Bengaluru,"Honestly, share exact location Dosa place?",0
Best street food in Bengaluru,"Lmao, love potholes practically historical landmarks needed.",1
Is Web3 the future of the internet?,"Awesome. actually like new design, feels premium. helpful.",0
I Built a Machine Learning Model in 5 Minutes,straightforward explanation ever seen. helpful.,0
Learning PHP in 2026,"Ah yes, unsolved problem modern physics.",1
How to center a div in CSS,"Wow, fast! took 3 hours print Hello World.",1
Apple announces new $999 Monitor Stand,"agree, actually like new design, feels premium.",0
Why Python is the absolute fastest language,Awesome. Finally got environment running. Appreciate clear step-by-step instructions. helpful.,0
Best street food in Bengaluru,"Lmao, auto driver asked 500 rupees cross street. Fair price.",1
Monsoon arrives in Namma Bengaluru,"Awesome. moving next month, informative. helpful.",0
My Code Compiled on the First Try!,"saved hours debugging MCA assignment, thank much!",0
Renting a 1BHK in Indiranagar 2026,"Oh, Ah, Venice India. Time get gondola",1
Best street food in Bengaluru,"Wow, Ah yes, paying premium flight sit tarmac 2 hours.",1
Taking a flight from Patna to Bengaluru,Great video. paneer butter masala last spot looked amazing. Definitely visiting next time.,0
Adobe After Effects vs Apple Motion,"Ah, paying $50 plugin shakes screen. Worth Masterpiece.",1
DIY Autonomous Car with LiDAR Sensor,"Haha, Oh wow, paying ₹1.5 Lakhs 8GB RAM truly revolutionary. Incredible.",1
A day in the life of an MCA student at Presidency University,Thanks! share exact location Dosa place? Thanks sharing.,0
Adobe After Effects vs Apple Motion,new color grading tools massive step last year. Thanks sharing.,0
Is Web3 the future of the internet?,Brilliant. generous Next year maybe get floppy disk drive brave.,1
Best FxPlug Plugins for Creators,Pixelmator Pro seriously giving Adobe run money.,0
Bengaluru Traffic Timelapse (Silk Board),"Wow, enjoy swimming campus every July.",1
Best FxPlug Plugins for Creators,"Great video. Thanks deep dive Apple Motion, underrated software. Thanks sharing.",0
Best FxPlug Plugins for Creators,Thanks! audio mixing tips end lifesaver.,0
Best FxPlug Plugins for Creators,Awesome. Pixelmator Pro seriously giving Adobe run money.,0
Reviewing the new Raspberry Pi 6,"Haha, love replacing entire motherboard upgrade storage. needed.",1
Is Web3 the future of the internet?,"Truly, Ah yes, exactly needed: another proprietary port. Incredible.",1
Is Web3 the future of the internet?,Great camera test! low light performance impressive. Keep,0
A day in the life of an MCA student at Presidency University,Love local culture vibe city. Keep,0
Bengaluru Traffic Timelapse (Silk Board),"Wow, enjoy swimming campus every July. brave.",1
Taking a flight from Patna to Bengaluru,"Ah yes, paying premium flight sit tarmac 2 hours.",1
Taking a flight from Patna to Bengaluru,"Lmao, Ah yes, paying premium flight sit tarmac 2 hours. Incredible.",1
Adobe After Effects vs Apple Motion,Brilliant. Rendering 4K video took 3 days. Blazing fast....,1
Renting a 1BHK in Indiranagar 2026,"Ah yes, Great, parks. Exactly traffic needed. needed.",1
Color Grading in Pixelmator Pro,"agree, magnetic timeline FCP makes editing much faster workflow.",0
Building a mechanical keyboard from scratch,switches use? sound really smooth.,0
Renting a 1BHK in Indiranagar 2026,"Wow, Wow, think saw car move three entire inches hour. Thrilling pace....",1
Final Cut Pro 2026 Full Tutorial,"Oh good, another subscription model drain bank account. Incredible.",1
Reviewing the new Raspberry Pi 6,"Lmao, Next sell us screen keyboard separately....",1
Why Python is the absolute fastest language,"Lmao, Sure buddy. Queen England.",1
Building a Flask API for my Assignment Tracker,Awesome. prefer using Docker method works great Keep,0
Reviewing the new Raspberry Pi 6,"Wow, Wow, 1% faster last year. Innovation peaked. Incredible.",1
Learning PHP in 2026,"Oh, Amazing. invented statement. brave.",1
Color Grading in Pixelmator Pro,"Ah yes, Wow, user interface hidden need map find timeline. Masterpiece.",1
Reviewing the new Raspberry Pi 6,"Oh, Wow, 1% faster last year. Innovation peaked. Masterpiece.",1
DIY Autonomous Car with LiDAR Sensor,love replacing entire motherboard upgrade storage. Incredible.,1
Final Cut Pro 2026 Full Tutorial,Thanks! audio mixing tips end lifesaver.,0
Adobe After Effects vs Apple Motion,"Wow, transition pack actually looks clean professional. helpful.",0
Bengaluru Traffic Timelapse (Silk Board),Brilliant. Nothing like 2-hour commute 5km distance build character.,1
Adobe After Effects vs Apple Motion,"agree, looking tutorial writing custom FxPlug plugins, thank Thanks sharing.",0
A day in the life of an MCA student at Presidency University,Brilliant. enjoy swimming campus every July.,1
How to center a div in CSS,Could follow-up video asynchronous functions?,0
Bengaluru Traffic Timelapse (Silk Board),metro extension really helping commute. Keep,0
DIY Autonomous Car with LiDAR Sensor,"Great video. actually like new design, feels premium. Keep",0
My Code Compiled on the First Try!,Great video. straightforward explanation ever seen. helpful.,0
Bengaluru Traffic Timelapse (Silk Board),"Ah yes, Ah yes, paying premium flight sit tarmac 2 hours.",1
Final Cut Pro 2026 Full Tutorial,"agree, audio mixing tips end lifesaver. Keep",0
Renting a 1BHK in Indiranagar 2026,Awesome. share exact location Dosa place?,0
The new 8GB RAM MacBook Pro in 2026,"Wow, think worth upgrade coming older model. Keep",0
Best FxPlug Plugins for Creators,"agree, magnetic timeline FCP makes editing much faster workflow. Thanks sharing.",0
The new 8GB RAM MacBook Pro in 2026,"Wow, switches use? sound really smooth.",0
Adobe After Effects vs Apple Motion,"Honestly, Pixelmator Pro seriously giving Adobe run money. helpful.",0
Final Cut Pro 2026 Full Tutorial,"agree, Pixelmator Pro seriously giving Adobe run money. Thanks sharing.",0
Is Web3 the future of the internet?,Great camera test! low light performance impressive. Thanks sharing.,0
Color Grading in Pixelmator Pro,Awesome. magnetic timeline FCP makes editing much faster workflow.,0
Building a mechanical keyboard from scratch,"Truly, Wow, 1% faster last year. Innovation peaked. brave.",1
Using Light Theme in VS Code,"Wow, nothing says 'relaxing weekend' like catastrophic database failure.",1
My Code Compiled on the First Try!,"Great video. know shortcut, helpful.",0
Building a mechanical keyboard from scratch,"Ah yes, Wow, 1% faster last year. Innovation peaked. needed.",1
Renting a 1BHK in Indiranagar 2026,"Wow, auto driver asked 500 rupees cross street. Fair price.",1
Taking a flight from Patna to Bengaluru,Brilliant. Nothing like 2-hour commute 5km distance build character. Incredible.,1
Color Grading in Pixelmator Pro,"Truly, Wow, user interface hidden need map find timeline.",1
Why Python is the absolute fastest language,"Truly, copy-pasted computer caught fire. Thanks! Incredible.",1
Taking a flight from Patna to Bengaluru,"Lmao, affordable! sell one kidney deposit.",1
Reviewing the new Raspberry Pi 6,"Honestly, Good thorough review, especially thermal testing. Keep",0
Adobe After Effects vs Apple Motion,Brilliant. love software crashes right hit save. Adds excitement. needed.,1
Final Cut Pro 2026 Full Tutorial,"Oh, Ah, paying $50 plugin shakes screen. Worth Masterpiece.",1
Best FxPlug Plugins for Creators,"Brilliant. Wow, user interface hidden need map find timeline.",1
Bengaluru Traffic Timelapse (Silk Board),"Brilliant. Ah yes, paying premium flight sit tarmac 2 hours. Masterpiece.",1
Color Grading in Pixelmator Pro,"Wow, transition pack actually looks clean professional. Thanks sharing.",0
Why Python is the absolute fastest language,Awesome. concise point. Subscribed.,0
Java vs C++ for Competitive Programming,"saved hours debugging MCA assignment, thank much!",0
Bengaluru Traffic Timelapse (Silk Board),"Ah yes, Nothing like 2-hour commute 5km distance build character. needed.",1
Bengaluru Traffic Timelapse (Silk Board),"Brilliant. Ah, Venice India. Time get gondola",1
Understanding Pointers in C,"Truly, nothing says 'relaxing weekend' like catastrophic database failure.",1
Color Grading in Pixelmator Pro,Great video. Pixelmator Pro seriously giving Adobe run money. helpful.,0
Color Grading in Pixelmator Pro,"agree, magnetic timeline FCP makes editing much faster workflow.",0
Deploying to Production on Friday at 5 PM,"Honestly, think Java still holds incredibly well large enterprise systems.",0
Best FxPlug Plugins for Creators,"Thanks! Thanks deep dive Apple Motion, underrated software. Thanks sharing.",0
Color Grading in Pixelmator Pro,"Ah, paying $50 plugin shakes screen. Worth Incredible.",1
Building a mechanical keyboard from scratch,"Brilliant. Wow, 1% faster last year. Innovation peaked.",1
Color Grading in Pixelmator Pro,"Wow, Pixelmator Pro seriously giving Adobe run money.",0
Color Grading in Pixelmator Pro,"Great video. Thanks deep dive Apple Motion, underrated software. Thanks sharing.",0
The new 8GB RAM MacBook Pro in 2026,Thanks! Great camera test! low light performance impressive.,0
Apple announces new $999 Monitor Stand,using week battery life insane.,0
Monsoon arrives in Namma Bengaluru,40k rent broom closet? steal! Incredible.,1
Reviewing the new Raspberry Pi 6,Awesome. switches use? sound really smooth. Keep,0
Best street food in Bengaluru,"Honestly, Beautiful shots Cubbon Park. green!",0
DIY Autonomous Car with LiDAR Sensor,"Wow, actually like new design, feels premium.",0
DIY Autonomous Car with LiDAR Sensor,"Wow, removed headphone jack courage. Truly brave. needed.",1
The new 8GB RAM MacBook Pro in 2026,"agree, think worth upgrade coming older model.",0
The new 8GB RAM MacBook Pro in 2026,"Honestly, actually like new design, feels premium. helpful.",0
Building a mechanical keyboard from scratch,"Oh, generous Next year maybe get floppy disk drive",1
Best street food in Bengaluru,"Wow, Nothing like 2-hour commute 5km distance build character. needed.",1
Final Cut Pro 2026 Full Tutorial,Brilliant. favorite feature eats 64GB RAM instantly.,1
Adobe After Effects vs Apple Motion,"Lmao, love software crashes right hit save. Adds excitement.",1
Best street food in Bengaluru,"Great, parks. Exactly traffic needed. brave.",1
Bengaluru Traffic Timelapse (Silk Board),"Haha, love potholes practically historical landmarks Incredible.",1
Color Grading in Pixelmator Pro,Great video. audio mixing tips end lifesaver.,0
Best FxPlug Plugins for Creators,"Wow, Pixelmator Pro seriously giving Adobe run money.",0
How to center a div in CSS,"agree, prefer using Docker method works great",0
I Built a Machine Learning Model in 5 Minutes,"Truly, copy-pasted computer caught fire. Thanks!",1
Adobe After Effects vs Apple Motion,magnetic timeline FCP makes editing much faster workflow.,0
Best street food in Bengaluru,Thanks! metro extension really helping commute. helpful.,0
Color Grading in Pixelmator Pro,transition pack actually looks clean professional.,0
Building a mechanical keyboard from scratch,Awesome. using week battery life insane.,0
Best street food in Bengaluru,"Wow, Love local culture vibe city.",0
Best FxPlug Plugins for Creators,"Haha, Wow, user interface hidden need map find timeline.",1
Best FxPlug Plugins for Creators,"Wow, love software crashes right hit save. Adds excitement.",1
Renting a 1BHK in Indiranagar 2026,"Lmao, Wow, think saw car move three entire inches hour. Thrilling pace. brave.",1
Bengaluru Traffic Timelapse (Silk Board),Awesome. Beautiful shots Cubbon Park. green!,0
DIY Autonomous Car with LiDAR Sensor,"Thanks! actually like new design, feels premium. Thanks sharing.",0
Is Web3 the future of the internet?,"Good thorough review, especially thermal testing.",0
Building a mechanical keyboard from scratch,using week battery life insane.,0
Is Web3 the future of the internet?,"Great video. actually like new design, feels premium. Keep",0
Renting a 1BHK in Indiranagar 2026,love potholes practically historical landmarks,1
Color Grading in Pixelmator Pro,"Haha, Oh good, another subscription model drain bank account.",1
Adobe After Effects vs Apple Motion,"Ah yes, love software crashes right hit save. Adds excitement. needed.",1
Adobe After Effects vs Apple Motion,"Wow, Thanks deep dive Apple Motion, underrated software.",0
My Code Compiled on the First Try!,"Wow, Finally got environment running. Appreciate clear step-by-step instructions. Keep",0
Final Cut Pro 2026 Full Tutorial,"Truly, Rendering 4K video took 3 days. Blazing fast. brave.",1
Using Light Theme in VS Code,"Haha, Truly groundbreaking use nested loop 2026.",1
How to center a div in CSS,"Haha, Sure buddy. Queen England. needed.",1
My Code Compiled on the First Try!,"Haha, Oh, absolutely. love measuring execution time calendar....",1
Final Cut Pro 2026 Full Tutorial,"Honestly, magnetic timeline FCP makes editing much faster workflow.",0
Color Grading in Pixelmator Pro,"Ah, paying $50 plugin shakes screen. Worth Masterpiece.",1
Best street food in Bengaluru,"Lmao, Nothing like 2-hour commute 5km distance build character.",1
Renting a 1BHK in Indiranagar 2026,"Thanks! moving next month, informative.",0
Building a mechanical keyboard from scratch,"Oh, Can't wait buy charger separately another $200.",1
Taking a flight from Patna to Bengaluru,"Honestly, moving next month, informative.",0
A day in the life of an MCA student at Presidency University,Great video. Love local culture vibe city.,0
Adobe After Effects vs Apple Motion,Awesome. magnetic timeline FCP makes editing much faster workflow. Thanks sharing.,0
I Built a Machine Learning Model in 5 Minutes,"Lmao, Amazing. invented statement. needed.",1
Apple announces new $999 Monitor Stand,"Wow, think worth upgrade coming older model. Keep",0
How to center a div in CSS,"agree, prefer using Docker method works great",0
Building a mechanical keyboard from scratch,"Haha, Oh wow, paying ₹1.5 Lakhs 8GB RAM truly revolutionary. needed.",1
The new 8GB RAM MacBook Pro in 2026,"Honestly, Thanks comparing previous generation.",0
Best FxPlug Plugins for Creators,"Wow, transition pack actually looks clean professional.",0
Best street food in Bengaluru,"Truly, affordable! sell one kidney deposit. Incredible.",1
A day in the life of an MCA student at Presidency University,"Haha, 40k rent broom closet? steal! Incredible.",1
Best FxPlug Plugins for Creators,Great video. new color grading tools massive step last year. Thanks sharing.,0
The new 8GB RAM MacBook Pro in 2026,Great video. think worth upgrade coming older model.,0
Apple announces new $999 Monitor Stand,Brilliant. love replacing entire motherboard upgrade storage.,1
Best FxPlug Plugins for Creators,"Wow, Yes, definitely needed 400 new transition wipes.",1
Learning PHP in 2026,Awesome. Great perspective. Focusing control essential.,0
Java vs C++ for Competitive Programming,"Yes, HTML code self-aware Masterpiece.",1
How to center a div in CSS,Thanks! concise point. Subscribed. Keep,0
Color Grading in Pixelmator Pro,"Oh, Wow, user interface hidden need map find timeline. Masterpiece.",1
Adobe After Effects vs Apple Motion,"agree, looking tutorial writing custom FxPlug plugins, thank",0
How to center a div in CSS,"Lmao, Sure buddy. Queen England.",1
Building a Flask API for my Assignment Tracker,"Wow, saved hours debugging MCA assignment, thank much!",0
Deploying to Production on Friday at 5 PM,Brilliant. Truly groundbreaking use nested loop 2026.,1
Using Light Theme in VS Code,Thanks! Great perspective. Focusing control essential. Thanks sharing.,0
Why Python is the absolute fastest language,Thanks! think Java still holds incredibly well large enterprise systems. Keep,0
Reviewing the new Raspberry Pi 6,"Thanks! Good thorough review, especially thermal testing. helpful.",0
Building a mechanical keyboard from scratch,"Truly, definitely want pay $40 gas fee like tweet. Sign",1
DIY Autonomous Car with LiDAR Sensor,"agree, think worth upgrade coming older model.",0
Best FxPlug Plugins for Creators,"Thanks deep dive Apple Motion, underrated software. Keep",0
Color Grading in Pixelmator Pro,Awesome. transition pack actually looks clean professional.,0
The new 8GB RAM MacBook Pro in 2026,"Wow, using week battery life insane.",0
I Built a Machine Learning Model in 5 Minutes,"Awesome. know shortcut, helpful. Thanks sharing.",0
Java vs C++ for Competitive Programming,"Wow, concise point. Subscribed.",0
Is Web3 the future of the internet?,"Lmao, generous Next year maybe get floppy disk drive brave.",1
Best FxPlug Plugins for Creators,"Wow, love software crashes right hit save. Adds excitement. Masterpiece.",1
Final Cut Pro 2026 Full Tutorial,"Haha, Oh good, another subscription model drain bank account. Incredible.",1
I Built a Machine Learning Model in 5 Minutes,"Oh, absolutely. love measuring execution time calendar. Masterpiece.",1
Adobe After Effects vs Apple Motion,"Honestly, transition pack actually looks clean professional.",0
Understanding Pointers in C,"Honestly, prefer using Docker method works great Keep",0
A day in the life of an MCA student at Presidency University,Awesome. really miss weather Enjoy Keep,0
Reviewing the new Raspberry Pi 6,"Lmao, Finally, reasonably priced piece metal. desk feeling cheap.",1
Final Cut Pro 2026 Full Tutorial,"Wow, transition pack actually looks clean professional. Keep",0
Deploying to Production on Friday at 5 PM,"Wow, nothing says 'relaxing weekend' like catastrophic database failure. needed.",1
The new 8GB RAM MacBook Pro in 2026,"Wow, Can't wait buy charger separately another $200....",1
Final Cut Pro 2026 Full Tutorial,"Honestly, audio mixing tips end lifesaver.",0
Learning PHP in 2026,Great video. Finally got environment running. Appreciate clear step-by-step instructions. Keep,0
Apple announces new $999 Monitor Stand,Thanks! upgraded processing power makes perfect autonomous drone project. Keep,0
A day in the life of an MCA student at Presidency University,Great vlog! Brings back memories college days.,0
Reviewing the new Raspberry Pi 6,Awesome. Thanks comparing previous generation. Keep,0
Java vs C++ for Competitive Programming,"Haha, Ah yes, unsolved problem modern physics.",1
Apple announces new $999 Monitor Stand,"Oh, Next sell us screen keyboard separately. Incredible.",1
A day in the life of an MCA student at Presidency University,"Oh, 40k rent broom closet? steal! needed.",1
Java vs C++ for Competitive Programming,Awesome. prefer using Docker method works great Keep,0
Apple announces new $999 Monitor Stand,Great video. Great camera test! low light performance impressive.,0
Adobe After Effects vs Apple Motion,"Truly, Yes, definitely needed 400 new transition wipes.",1
DIY Autonomous Car with LiDAR Sensor,"Wow, actually like new design, feels premium.",0
Understanding Pointers in C,"Awesome. know shortcut, helpful.",0
Renting a 1BHK in Indiranagar 2026,Brilliant. auto driver asked 500 rupees cross street. Fair price.,1
Bengaluru Traffic Timelapse (Silk Board),"Wow, Love local culture vibe city.",0
Best FxPlug Plugins for Creators,Awesome. magnetic timeline FCP makes editing much faster workflow. Keep,0
A day in the life of an MCA student at Presidency University,Brilliant. 40k rent broom closet? steal!,1
Deploying to Production on Friday at 5 PM,"agree, Could follow-up video asynchronous functions?",0
Reviewing the new Raspberry Pi 6,"Honestly, actually like new design, feels premium. helpful.",0
Is Web3 the future of the internet?,"Oh, Wow, 1% faster last year. Innovation peaked.",1
The new 8GB RAM MacBook Pro in 2026,"Great video. actually like new design, feels premium. helpful.",0
Renting a 1BHK in Indiranagar 2026,"Honestly, Love local culture vibe city. helpful.",0
How to center a div in CSS,"Honestly, concise point. Subscribed. Thanks sharing.",0
The new 8GB RAM MacBook Pro in 2026,"Brilliant. Oh wow, paying ₹1.5 Lakhs 8GB RAM truly revolutionary.",1
Final Cut Pro 2026 Full Tutorial,"agree, Pixelmator Pro seriously giving Adobe run money.",0
Bengaluru Traffic Timelapse (Silk Board),Thanks! Love local culture vibe city. helpful.,0
Best street food in Bengaluru,enjoy swimming campus every July.,1
I Built a Machine Learning Model in 5 Minutes,"Ah yes, unsolved problem modern physics. Masterpiece.",1
Adobe After Effects vs Apple Motion,"Lmao, Ah, paying $50 plugin shakes screen. Worth Incredible.",1
Color Grading in Pixelmator Pro,Pixelmator Pro seriously giving Adobe run money. Thanks sharing.,0
Color Grading in Pixelmator Pro,"Truly, Wow, user interface hidden need map find timeline.",1
Java vs C++ for Competitive Programming,copy-pasted computer caught fire. Thanks!,1
Adobe After Effects vs Apple Motion,"Thanks! Thanks deep dive Apple Motion, underrated software.",0
Apple announces new $999 Monitor Stand,"Wow, switches use? sound really smooth.",0
The new 8GB RAM MacBook Pro in 2026,"Great video. Good thorough review, especially thermal testing. Keep",0
Learning PHP in 2026,tutorial fixed marriage.,1
Why Python is the absolute fastest language,"Lmao, Ah yes, unsolved problem modern physics.",1
Monsoon arrives in Namma Bengaluru,auto driver asked 500 rupees cross street. Fair price.,1
A day in the life of an MCA student at Presidency University,Brilliant. enjoy swimming campus every July.,1
Is Web3 the future of the internet?,Thanks comparing previous generation.,0
Building a Flask API for my Assignment Tracker,"agree, Could follow-up video asynchronous functions? helpful.",0
Apple announces new $999 Monitor Stand,Brilliant. removed headphone jack courage. Truly brave.,1
Color Grading in Pixelmator Pro,"Wow, love software crashes right hit save. Adds excitement.",1
Deploying to Production on Friday at 5 PM,"Lmao, copy-pasted computer caught fire. Thanks! Incredible.",1
DIY Autonomous Car with LiDAR Sensor,Thanks! upgraded processing power makes perfect autonomous drone project.,0
Building a mechanical keyboard from scratch,"agree, using week battery life insane.",0
Deploying to Production on Friday at 5 PM,"Honestly, straightforward explanation ever seen. helpful.",0
The new 8GB RAM MacBook Pro in 2026,think worth upgrade coming older model.,0
Building a Flask API for my Assignment Tracker,"Truly, copy-pasted computer caught fire. Thanks!",1
Monsoon arrives in Namma Bengaluru,Brilliant. 40k rent broom closet? steal! Masterpiece.,1
Renting a 1BHK in Indiranagar 2026,"Honestly, Great vlog! Brings back memories college days. Thanks sharing.",0
Understanding Pointers in C,"Honestly, prefer using Docker method works great",0
The new 8GB RAM MacBook Pro in 2026,"Lmao, Wow, 1% faster last year. Innovation peaked.",1
Best street food in Bengaluru,"Haha, Ah, Venice India. Time get gondola Incredible.",1
Using Light Theme in VS Code,"Wow, Finally got environment running. Appreciate clear step-by-step instructions.",0
Bengaluru Traffic Timelapse (Silk Board),really miss weather Enjoy helpful.,0
Understanding Pointers in C,"Truly, Sure buddy. Queen England....",1
Deploying to Production on Friday at 5 PM,"Lmao, Ah yes, unsolved problem modern physics. Masterpiece.",1
Best FxPlug Plugins for Creators,"Haha, Wow, user interface hidden need map find timeline.",1
Bengaluru Traffic Timelapse (Silk Board),"Ah, Venice India. Time get gondola brave.",1
Building a mechanical keyboard from scratch,"Haha, Ah yes, exactly needed: another proprietary port.",1
Is Web3 the future of the internet?,"Haha, removed headphone jack courage. Truly brave....",1
Adobe After Effects vs Apple Motion,"Haha, Wow, user interface hidden need map find timeline.",1
DIY Autonomous Car with LiDAR Sensor,Awesome. think worth upgrade coming older model.,0
Why Python is the absolute fastest language,"Wow, Truly groundbreaking use nested loop 2026. Incredible.",1
Bengaluru Traffic Timelapse (Silk Board),really miss weather Enjoy,0
Adobe After Effects vs Apple Motion,"Yes, definitely needed 400 new transition wipes.",1
My Code Compiled on the First Try!,"Awesome. know shortcut, helpful.",0
Monsoon arrives in Namma Bengaluru,"agree, moving next month, informative.",0
Best FxPlug Plugins for Creators,"Haha, Rendering 4K video took 3 days. Blazing fast.",1
A day in the life of an MCA student at Presidency University,Awesome. Great vlog! Brings back memories college days.,0
Taking a flight from Patna to Bengaluru,"Ah yes, 40k rent broom closet? steal! Masterpiece.",1
Apple announces new $999 Monitor Stand,"Oh, Finally, reasonably priced piece metal. desk feeling cheap.",1
My Code Compiled on the First Try!,"Wow, Amazing. invented statement.",1
How to center a div in CSS,"Oh, Yes, HTML code self-aware",1
Monsoon arrives in Namma Bengaluru,Beautiful shots Cubbon Park. green! helpful.,0
Best FxPlug Plugins for Creators,Thanks! new color grading tools massive step last year.,0
Using Light Theme in VS Code,"Yes, HTML code self-aware",1
DIY Autonomous Car with LiDAR Sensor,"Oh, Ah yes, exactly needed: another proprietary port.",1
Adobe After Effects vs Apple Motion,"Wow, looking tutorial writing custom FxPlug plugins, thank Thanks sharing.",0
How to center a div in CSS,"Thanks! Thanks visual diagram, really helped understand pointers swap.",0
Is Web3 the future of the internet?,"Ah yes, generous Next year maybe get floppy disk drive",1
Taking a flight from Patna to Bengaluru,Great vlog! Brings back memories college days.,0
A day in the life of an MCA student at Presidency University,"Oh, auto driver asked 500 rupees cross street. Fair price. Incredible.",1
Taking a flight from Patna to Bengaluru,Great video. paneer butter masala last spot looked amazing. Definitely visiting next time.,0
A day in the life of an MCA student at Presidency University,Great video. biryani ordered looks fantastic. Keep,0
Best street food in Bengaluru,Great video. paneer butter masala last spot looked amazing. Definitely visiting next time. helpful.,0
Color Grading in Pixelmator Pro,"Wow, Rendering 4K video took 3 days. Blazing fast.",1
Color Grading in Pixelmator Pro,"Thanks! Thanks deep dive Apple Motion, underrated software. helpful.",0
Taking a flight from Patna to Bengaluru,"Wow, really miss weather Enjoy",0
Bengaluru Traffic Timelapse (Silk Board),"Lmao, Wow, think saw car move three entire inches hour. Thrilling pace. Incredible.",1
Building a mechanical keyboard from scratch,"Haha, Can't wait buy charger separately another $200.",1
Bengaluru Traffic Timelapse (Silk Board),"Haha, Great, parks. Exactly traffic needed....",1
Final Cut Pro 2026 Full Tutorial,"Ah yes, love software crashes right hit save. Adds excitement. brave.",1
Final Cut Pro 2026 Full Tutorial,"Wow, audio mixing tips end lifesaver.",0
Understanding Pointers in C,"Lmao, Truly groundbreaking use nested loop 2026. Masterpiece.",1
A day in the life of an MCA student at Presidency University,"Great, parks. Exactly traffic needed. Masterpiece.",1
Understanding Pointers in C,"Truly, Amazing. invented statement....",1
Taking a flight from Patna to Bengaluru,"Ah yes, paying premium flight sit tarmac 2 hours. Masterpiece.",1
Why Python is the absolute fastest language,"Wow, Ah yes, unsolved problem modern physics.",1
The new 8GB RAM MacBook Pro in 2026,"Truly, Oh wow, paying ₹1.5 Lakhs 8GB RAM truly revolutionary. needed.",1
Adobe After Effects vs Apple Motion,"Ah yes, Wow, user interface hidden need map find timeline. needed.",1
Understanding Pointers in C,Thanks! straightforward explanation ever seen.,0
Building a Flask API for my Assignment Tracker,"Ah yes, Sure buddy. Queen England. needed.",1
Best FxPlug Plugins for Creators,Thanks! new color grading tools massive step last year.,0
Understanding Pointers in C,"Haha, Truly groundbreaking use nested loop 2026.",1
Best FxPlug Plugins for Creators,"Oh, Ah, paying $50 plugin shakes screen. Worth needed.",1
Building a Flask API for my Assignment Tracker,"Lmao, sure memory leaks 'undocumented features'.",1
DIY Autonomous Car with LiDAR Sensor,Thanks! think worth upgrade coming older model. Keep,0
Understanding Pointers in C,"Wow, Finally got environment running. Appreciate clear step-by-step instructions. Keep",0
Taking a flight from Patna to Bengaluru,"Oh, affordable! sell one kidney deposit. needed.",1
Color Grading in Pixelmator Pro,Thanks! transition pack actually looks clean professional. Thanks sharing.,0
Best FxPlug Plugins for Creators,"Awesome. looking tutorial writing custom FxPlug plugins, thank Keep",0
Renting a 1BHK in Indiranagar 2026,Thanks! metro extension really helping commute. Keep,0
Reviewing the new Raspberry Pi 6,Can't wait buy charger separately another $200. brave.,1
Final Cut Pro 2026 Full Tutorial,"Truly, favorite feature eats 64GB RAM instantly....",1
Using Light Theme in VS Code,Amazing. invented statement. brave.,1
Why Python is the absolute fastest language,"Truly, nothing says 'relaxing weekend' like catastrophic database failure. brave.",1
Why Python is the absolute fastest language,Great video. Great perspective. Focusing control essential.,0
Final Cut Pro 2026 Full Tutorial,"Wow, transition pack actually looks clean professional.",0
Renting a 1BHK in Indiranagar 2026,"agree, share exact location Dosa place?",0
Adobe After Effects vs Apple Motion,Pixelmator Pro seriously giving Adobe run money.,0
My Code Compiled on the First Try!,"Yes, HTML code self-aware Incredible.",1
Taking a flight from Patna to Bengaluru,Thanks! really miss weather Enjoy,0
Renting a 1BHK in Indiranagar 2026,"Haha, Ah, Venice India. Time get gondola",1
Understanding Pointers in C,"Ah yes, Wow, fast! took 3 hours print Hello World....",1
Final Cut Pro 2026 Full Tutorial,"Haha, Rendering 4K video took 3 days. Blazing fast. brave.",1
Monsoon arrives in Namma Bengaluru,"Wow, metro extension really helping commute. Thanks sharing.",0
Apple announces new $999 Monitor Stand,"Haha, Finally, reasonably priced piece metal. desk feeling cheap.",1
Taking a flight from Patna to Bengaluru,"Wow, share exact location Dosa place? Thanks sharing.",0
Final Cut Pro 2026 Full Tutorial,Awesome. new color grading tools massive step last year.,0
Color Grading in Pixelmator Pro,"Wow, love software crashes right hit save. Adds excitement.",1
Best FxPlug Plugins for Creators,Awesome. magnetic timeline FCP makes editing much faster workflow. Thanks sharing.,0
Apple announces new $999 Monitor Stand,"Honestly, using week battery life insane.",0
Taking a flight from Patna to Bengaluru,"Wow, affordable! sell one kidney deposit. needed.",1
Final Cut Pro 2026 Full Tutorial,"Oh, Wow, user interface hidden need map find timeline....",1
Bengaluru Traffic Timelapse (Silk Board),"Oh, love potholes practically historical landmarks Masterpiece.",1
Best FxPlug Plugins for Creators,"Haha, Wow, user interface hidden need map find timeline. brave.",1
Best street food in Bengaluru,"Lmao, Ah yes, paying premium flight sit tarmac 2 hours....",1
Learning PHP in 2026,"Thanks! know shortcut, helpful. Thanks sharing.",0
Bengaluru Traffic Timelapse (Silk Board),Brilliant. enjoy swimming campus every July.,1
Learning PHP in 2026,"Wow, know shortcut, helpful. Keep",0
Reviewing the new Raspberry Pi 6,Awesome. Great camera test! low light performance impressive. helpful.,0
Deploying to Production on Friday at 5 PM,"Thanks! saved hours debugging MCA assignment, thank much!",0
Best FxPlug Plugins for Creators,Brilliant. Rendering 4K video took 3 days. Blazing fast....,1
Color Grading in Pixelmator Pro,"Ah yes, Oh good, another subscription model drain bank account. Incredible.",1
Best FxPlug Plugins for Creators,"Ah yes, Rendering 4K video took 3 days. Blazing fast.",1
Adobe After Effects vs Apple Motion,"Ah yes, Yes, definitely needed 400 new transition wipes. brave.",1
Monsoon arrives in Namma Bengaluru,"Truly, enjoy swimming campus every July....",1
Reviewing the new Raspberry Pi 6,"Honestly, upgraded processing power makes perfect autonomous drone project. Thanks sharing.",0
Final Cut Pro 2026 Full Tutorial,Awesome. transition pack actually looks clean professional.,0
I Built a Machine Learning Model in 5 Minutes,Awesome. straightforward explanation ever seen.,0
Java vs C++ for Competitive Programming,"Truly, Wow, fast! took 3 hours print Hello World.",1
Understanding Pointers in C,"Haha, Wow, fast! took 3 hours print Hello World....",1
Best FxPlug Plugins for Creators,"Lmao, Wow, user interface hidden need map find timeline.",1
Final Cut Pro 2026 Full Tutorial,"Ah yes, Oh good, another subscription model drain bank account. brave.",1
Taking a flight from Patna to Bengaluru,"Honestly, moving next month, informative. Keep",0
Learning PHP in 2026,Thanks! Great perspective. Focusing control essential.,0
Bengaluru Traffic Timelapse (Silk Board),"Wow, Great vlog! Brings back memories college days. Thanks sharing.",0
Adobe After Effects vs Apple Motion,"Thanks deep dive Apple Motion, underrated software.",0
Taking a flight from Patna to Bengaluru,"agree, really miss weather Enjoy",0
Renting a 1BHK in Indiranagar 2026,"Oh, affordable! sell one kidney deposit. Incredible.",1
Final Cut Pro 2026 Full Tutorial,"Wow, favorite feature eats 64GB RAM instantly. Masterpiece.",1
Bengaluru Traffic Timelapse (Silk Board),Awesome. biryani ordered looks fantastic. Keep,0
Adobe After Effects vs Apple Motion,Brilliant. favorite feature eats 64GB RAM instantly.,1
Final Cut Pro 2026 Full Tutorial,"Wow, transition pack actually looks clean professional.",0
Understanding Pointers in C,"Lmao, Wow, fast! took 3 hours print Hello World.",1
Deploying to Production on Friday at 5 PM,"agree, Could follow-up video asynchronous functions?",0
Best street food in Bengaluru,Awesome. metro extension really helping commute. helpful.,0
Renting a 1BHK in Indiranagar 2026,Great video. share exact location Dosa place? Keep,0
Deploying to Production on Friday at 5 PM,Great video. Great perspective. Focusing control essential. helpful.,0
I Built a Machine Learning Model in 5 Minutes,"agree, Could follow-up video asynchronous functions? Thanks sharing.",0
Color Grading in Pixelmator Pro,Great video. magnetic timeline FCP makes editing much faster workflow.,0
The new 8GB RAM MacBook Pro in 2026,Great camera test! low light performance impressive.,0
Monsoon arrives in Namma Bengaluru,"Wow, paneer butter masala last spot looked amazing. Definitely visiting next time.",0
Adobe After Effects vs Apple Motion,Great video. new color grading tools massive step last year. helpful.,0
Building a mechanical keyboard from scratch,"Lmao, Ah yes, exactly needed: another proprietary port.",1
Monsoon arrives in Namma Bengaluru,Brilliant. enjoy swimming campus every July.,1
A day in the life of an MCA student at Presidency University,auto driver asked 500 rupees cross street. Fair price. Incredible.,1
Bengaluru Traffic Timelapse (Silk Board),"Lmao, affordable! sell one kidney deposit.",1
Is Web3 the future of the internet?,"Haha, Oh wow, paying ₹1.5 Lakhs 8GB RAM truly revolutionary. Incredible.",1
Monsoon arrives in Namma Bengaluru,Thanks! paneer butter masala last spot looked amazing. Definitely visiting next time.,0
How to center a div in CSS,"Oh, absolutely. love measuring execution time calendar.",1
Best street food in Bengaluru,"Great video. moving next month, informative.",0
Monsoon arrives in Namma Bengaluru,"Brilliant. Ah yes, paying premium flight sit tarmac 2 hours. Masterpiece.",1
Java vs C++ for Competitive Programming,"Truly, Yes, HTML code self-aware Incredible.",1
Taking a flight from Patna to Bengaluru,"Lmao, Ah, Venice India. Time get gondola Masterpiece.",1
The new 8GB RAM MacBook Pro in 2026,"Truly, Finally, reasonably priced piece metal. desk feeling cheap. brave.",1
Best street food in Bengaluru,"agree, Great vlog! Brings back memories college days. Keep",0
Learning PHP in 2026,"Ah yes, Sure buddy. Queen England....",1
Understanding Pointers in C,"Wow, Oh, absolutely. love measuring execution time calendar.",1
How to center a div in CSS,"Ah yes, Yes, HTML code self-aware brave.",1
Best FxPlug Plugins for Creators,"Lmao, Wow, user interface hidden need map find timeline.",1
The new 8GB RAM MacBook Pro in 2026,"Haha, love replacing entire motherboard upgrade storage. needed.",1
Best FxPlug Plugins for Creators,"Oh, Oh good, another subscription model drain bank account.",1
Color Grading in Pixelmator Pro,"Haha, Oh good, another subscription model drain bank account.",1
Best street food in Bengaluru,40k rent broom closet? steal!,1
Is Web3 the future of the internet?,"Good thorough review, especially thermal testing. Keep",0
Best FxPlug Plugins for Creators,"Wow, Ah, paying $50 plugin shakes screen. Worth Masterpiece.",1
Best FxPlug Plugins for Creators,"Truly, favorite feature eats 64GB RAM instantly. needed.",1
Bengaluru Traffic Timelapse (Silk Board),paneer butter masala last spot looked amazing. Definitely visiting next time.,0
Best FxPlug Plugins for Creators,"Wow, love software crashes right hit save. Adds excitement.",1
Renting a 1BHK in Indiranagar 2026,Awesome. really miss weather Enjoy Thanks sharing.,0
A day in the life of an MCA student at Presidency University,Great video. paneer butter masala last spot looked amazing. Definitely visiting next time. Keep,0
Why Python is the absolute fastest language,"Wow, Finally got environment running. Appreciate clear step-by-step instructions.",0
Final Cut Pro 2026 Full Tutorial,"Brilliant. Wow, user interface hidden need map find timeline. needed.",1
Adobe After Effects vs Apple Motion,"Wow, looking tutorial writing custom FxPlug plugins, thank",0
Color Grading in Pixelmator Pro,"Haha, Wow, user interface hidden need map find timeline. needed.",1
Apple announces new $999 Monitor Stand,"Lmao, definitely want pay $40 gas fee like tweet. Sign",1
Reviewing the new Raspberry Pi 6,Brilliant. generous Next year maybe get floppy disk drive,1
Java vs C++ for Competitive Programming,"Thanks! Thanks visual diagram, really helped understand pointers swap. Keep",0
Monsoon arrives in Namma Bengaluru,"Oh, Nothing like 2-hour commute 5km distance build character.",1
The new 8GB RAM MacBook Pro in 2026,"Brilliant. Ah yes, exactly needed: another proprietary port.",1
Reviewing the new Raspberry Pi 6,Awesome. using week battery life insane. Thanks sharing.,0
Reviewing the new Raspberry Pi 6,"Lmao, Oh wow, paying ₹1.5 Lakhs 8GB RAM truly revolutionary.",1
Adobe After Effects vs Apple Motion,"Haha, Yes, definitely needed 400 new transition wipes....",1
Taking a flight from Patna to Bengaluru,Awesome. really miss weather Enjoy,0
Learning PHP in 2026,"Wow, Sure buddy. Queen England....",1
A day in the life of an MCA student at Presidency University,"Wow, Beautiful shots Cubbon Park. green!",0
Best street food in Bengaluru,"Wow, 40k rent broom closet? steal! Masterpiece.",1
Reviewing the new Raspberry Pi 6,generous Next year maybe get floppy disk drive,1
Why Python is the absolute fastest language,"agree, Great perspective. Focusing control essential.",0
A day in the life of an MCA student at Presidency University,Great video. Beautiful shots Cubbon Park. green!,0
The new 8GB RAM MacBook Pro in 2026,generous Next year maybe get floppy disk drive needed.,1
A day in the life of an MCA student at Presidency University,love potholes practically historical landmarks,1
Is Web3 the future of the internet?,"Lmao, definitely want pay $40 gas fee like tweet. Sign needed.",1
Using Light Theme in VS Code,Awesome. think Java still holds incredibly well large enterprise systems.,0
Final Cut Pro 2026 Full Tutorial,"Thanks! looking tutorial writing custom FxPlug plugins, thank helpful.",0
Best FxPlug Plugins for Creators,Awesome. audio mixing tips end lifesaver. helpful.,0
Final Cut Pro 2026 Full Tutorial,"Wow, magnetic timeline FCP makes editing much faster workflow. Thanks sharing.",0
Apple announces new $999 Monitor Stand,"Lmao, Next sell us screen keyboard separately. Masterpiece.",1
Taking a flight from Patna to Bengaluru,"Brilliant. Ah, Venice India. Time get gondola brave.",1
My Code Compiled on the First Try!,Awesome. Great perspective. Focusing control essential.,0
Monsoon arrives in Namma Bengaluru,"moving next month, informative.",0
Understanding Pointers in C,"Truly, Amazing. invented statement....",1
A day in the life of an MCA student at Presidency University,"Brilliant. Ah, Venice India. Time get gondola",1
DIY Autonomous Car with LiDAR Sensor,"Lmao, removed headphone jack courage. Truly brave.",1
Best street food in Bengaluru,"Ah yes, 40k rent broom closet? steal!...",1
Why Python is the absolute fastest language,"Oh, Wow, fast! took 3 hours print Hello World.",1
Java vs C++ for Competitive Programming,"Haha, Amazing. invented statement.",1
Color Grading in Pixelmator Pro,"Wow, Oh good, another subscription model drain bank account.",1
How to center a div in CSS,"Ah yes, Ah yes, unsolved problem modern physics.",1
I Built a Machine Learning Model in 5 Minutes,"Ah yes, tutorial fixed marriage. brave.",1
Building a mechanical keyboard from scratch,"Oh, Next sell us screen keyboard separately. brave.",1
Reviewing the new Raspberry Pi 6,definitely want pay $40 gas fee like tweet. Sign,1
DIY Autonomous Car with LiDAR Sensor,"Haha, love replacing entire motherboard upgrade storage....",1
Why Python is the absolute fastest language,Brilliant. Great tutorial! need retinas anyway.,1
Color Grading in Pixelmator Pro,"Oh, Oh good, another subscription model drain bank account. Masterpiece.",1
Adobe After Effects vs Apple Motion,"Honestly, audio mixing tips end lifesaver. Keep",0
Reviewing the new Raspberry Pi 6,"agree, Thanks comparing previous generation.",0
Deploying to Production on Friday at 5 PM,"Wow, Wow, fast! took 3 hours print Hello World.",1
A day in the life of an MCA student at Presidency University,"Wow, Beautiful shots Cubbon Park. green!",0
Renting a 1BHK in Indiranagar 2026,"Wow, Great, parks. Exactly traffic needed.",1
Best FxPlug Plugins for Creators,"agree, transition pack actually looks clean professional. helpful.",0
Reviewing the new Raspberry Pi 6,"Truly, Can't wait buy charger separately another $200.",1
My Code Compiled on the First Try!,Thanks! Great perspective. Focusing control essential.,0
Taking a flight from Patna to Bengaluru,"Brilliant. Wow, think saw car move three entire inches hour. Thrilling pace.",1
Taking a flight from Patna to Bengaluru,"Truly, Nothing like 2-hour commute 5km distance build character. needed.",1
Bengaluru Traffic Timelapse (Silk Board),"Wow, Wow, think saw car move three entire inches hour. Thrilling pace.",1
Renting a 1BHK in Indiranagar 2026,"Wow, Great, parks. Exactly traffic needed.",1
DIY Autonomous Car with LiDAR Sensor,"Oh, Wow, 1% faster last year. Innovation peaked.",1
Renting a 1BHK in Indiranagar 2026,"Oh, love potholes practically historical landmarks",1
Learning PHP in 2026,"Great video. Thanks visual diagram, really helped understand pointers swap.",0
Color Grading in Pixelmator Pro,"Wow, Oh good, another subscription model drain bank account. brave.",1
Renting a 1BHK in Indiranagar 2026,Great video. really miss weather Enjoy Keep,0
How to center a div in CSS,"Lmao, sure memory leaks 'undocumented features'. Incredible.",1
Renting a 1BHK in Indiranagar 2026,"Brilliant. Great, parks. Exactly traffic needed.",1
Best street food in Bengaluru,"Haha, Wow, think saw car move three entire inches hour. Thrilling pace....",1
Final Cut Pro 2026 Full Tutorial,"Honestly, Thanks deep dive Apple Motion, underrated software. helpful.",0
DIY Autonomous Car with LiDAR Sensor,"Wow, Wow, 1% faster last year. Innovation peaked. needed.",1
Monsoon arrives in Namma Bengaluru,"Truly, affordable! sell one kidney deposit.",1
A day in the life of an MCA student at Presidency University,Great video. Love local culture vibe city.,0
Apple announces new $999 Monitor Stand,"Wow, actually like new design, feels premium. helpful.",0
Learning PHP in 2026,"Truly, Truly groundbreaking use nested loop 2026. Masterpiece.",1
Learning PHP in 2026,Awesome. Finally got environment running. Appreciate clear step-by-step instructions.,0
Best street food in Bengaluru,"Truly, auto driver asked 500 rupees cross street. Fair price.",1
DIY Autonomous Car with LiDAR Sensor,"Truly, Oh wow, paying ₹1.5 Lakhs 8GB RAM truly revolutionary.",1
Reviewing the new Raspberry Pi 6,"Wow, think worth upgrade coming older model.",0
Renting a 1BHK in Indiranagar 2026,"agree, share exact location Dosa place?",0
My Code Compiled on the First Try!,Sure buddy. Queen England.,1
Why Python is the absolute fastest language,"Truly, sure memory leaks 'undocumented features'. Incredible.",1
Best FxPlug Plugins for Creators,"Lmao, Oh good, another subscription model drain bank account. Masterpiece.",1
Why Python is the absolute fastest language,"Lmao, Wow, fast! took 3 hours print Hello World.",1
Using Light Theme in VS Code,"Truly, Amazing. invented statement.",1
Best FxPlug Plugins for Creators,"Oh, Rendering 4K video took 3 days. Blazing fast. brave.",1
Why Python is the absolute fastest language,"Haha, Amazing. invented statement. brave.",1
How to center a div in CSS,"Oh, Sure buddy. Queen England.",1
Color Grading in Pixelmator Pro,"Great video. looking tutorial writing custom FxPlug plugins, thank",0
Building a Flask API for my Assignment Tracker,Brilliant. Great tutorial! need retinas anyway. Masterpiece.,1
I Built a Machine Learning Model in 5 Minutes,Brilliant. Sure buddy. Queen England. Incredible.,1
Apple announces new $999 Monitor Stand,"Haha, definitely want pay $40 gas fee like tweet. Sign needed.",1
Final Cut Pro 2026 Full Tutorial,Awesome. magnetic timeline FCP makes editing much faster workflow. Thanks sharing.,0
Apple announces new $999 Monitor Stand,"Haha, generous Next year maybe get floppy disk drive",1
I Built a Machine Learning Model in 5 Minutes,"agree, know shortcut, helpful.",0
How to center a div in CSS,"Honestly, Finally got environment running. Appreciate clear step-by-step instructions. helpful.",0
Reviewing the new Raspberry Pi 6,"Oh, Can't wait buy charger separately another $200.",1
Why Python is the absolute fastest language,"Haha, nothing says 'relaxing weekend' like catastrophic database failure....",1
Reviewing the new Raspberry Pi 6,"Great video. actually like new design, feels premium. helpful.",0
Taking a flight from Patna to Bengaluru,"agree, really miss weather Enjoy Keep",0
Is Web3 the future of the internet?,Awesome. switches use? sound really smooth.,0
Color Grading in Pixelmator Pro,"Lmao, Wow, user interface hidden need map find timeline. brave.",1
DIY Autonomous Car with LiDAR Sensor,"agree, think worth upgrade coming older model. Thanks sharing.",0
A day in the life of an MCA student at Presidency University,"Honestly, biryani ordered looks fantastic.",0
Monsoon arrives in Namma Bengaluru,"Oh, Wow, think saw car move three entire inches hour. Thrilling pace.",1
Best street food in Bengaluru,"agree, paneer butter masala last spot looked amazing. Definitely visiting next time.",0
Final Cut Pro 2026 Full Tutorial,"agree, Thanks deep dive Apple Motion, underrated software.",0
Building a mechanical keyboard from scratch,"agree, Great camera test! low light performance impressive.",0
How to center a div in CSS,"Ah yes, tutorial fixed marriage. brave.",1
DIY Autonomous Car with LiDAR Sensor,"Honestly, upgraded processing power makes perfect autonomous drone project.",0
Taking a flight from Patna to Bengaluru,"Lmao, Ah, Venice India. Time get gondola",1
Reviewing the new Raspberry Pi 6,Awesome. Great camera test! low light performance impressive.,0
Adobe After Effects vs Apple Motion,"Honestly, transition pack actually looks clean professional.",0
Final Cut Pro 2026 Full Tutorial,"Thanks deep dive Apple Motion, underrated software. Keep",0
Bengaluru Traffic Timelapse (Silk Board),Thanks! really miss weather Enjoy Thanks sharing.,0
Bengaluru Traffic Timelapse (Silk Board),"Ah yes, auto driver asked 500 rupees cross street. Fair price....",1
The new 8GB RAM MacBook Pro in 2026,"Wow, Good thorough review, especially thermal testing.",0
Learning PHP in 2026,"Haha, sure memory leaks 'undocumented features'.",1
Final Cut Pro 2026 Full Tutorial,"Haha, love software crashes right hit save. Adds excitement.",1
Best street food in Bengaluru,"Wow, 40k rent broom closet? steal!...",1
Apple announces new $999 Monitor Stand,Brilliant. definitely want pay $40 gas fee like tweet. Sign,1
Adobe After Effects vs Apple Motion,audio mixing tips end lifesaver. Keep,0
Adobe After Effects vs Apple Motion,Brilliant. Rendering 4K video took 3 days. Blazing fast.,1
Final Cut Pro 2026 Full Tutorial,"agree, new color grading tools massive step last year. Thanks sharing.",0
Best FxPlug Plugins for Creators,"looking tutorial writing custom FxPlug plugins, thank",0
DIY Autonomous Car with LiDAR Sensor,Awesome. Thanks comparing previous generation. Thanks sharing.,0
How to center a div in CSS,Awesome. concise point. Subscribed. Thanks sharing.,0
Best street food in Bengaluru,"Honestly, Love local culture vibe city. Thanks sharing.",0
How to center a div in CSS,Great video. concise point. Subscribed. helpful.,0
Reviewing the new Raspberry Pi 6,"Oh, Oh wow, paying ₹1.5 Lakhs 8GB RAM truly revolutionary.",1
Learning PHP in 2026,"Wow, Could follow-up video asynchronous functions?",0
Best street food in Bengaluru,"Wow, Wow, think saw car move three entire inches hour. Thrilling pace.",1
The new 8GB RAM MacBook Pro in 2026,Thanks! Thanks comparing previous generation. Keep,0
Why Python is the absolute fastest language,Brilliant. sure memory leaks 'undocumented features'. Incredible.,1
Adobe After Effects vs Apple Motion,Thanks! magnetic timeline FCP makes editing much faster workflow.,0
Understanding Pointers in C,"Lmao, nothing says 'relaxing weekend' like catastrophic database failure. Incredible.",1
How to center a div in CSS,"Truly, Ah yes, unsolved problem modern physics.",1
Adobe After Effects vs Apple Motion,"Brilliant. Oh good, another subscription model drain bank account.",1
Bengaluru Traffic Timelapse (Silk Board),"agree, paneer butter masala last spot looked amazing. Definitely visiting next time. Thanks sharing.",0
A day in the life of an MCA student at Presidency University,"Lmao, auto driver asked 500 rupees cross street. Fair price.",1
Renting a 1BHK in Indiranagar 2026,Great video. paneer butter masala last spot looked amazing. Definitely visiting next time. Thanks sharing.,0
Reviewing the new Raspberry Pi 6,"Lmao, removed headphone jack courage. Truly brave. Masterpiece.",1
Best FxPlug Plugins for Creators,"Wow, looking tutorial writing custom FxPlug plugins, thank Thanks sharing.",0
Monsoon arrives in Namma Bengaluru,Awesome. paneer butter masala last spot looked amazing. Definitely visiting next time.,0
DIY Autonomous Car with LiDAR Sensor,"Oh wow, paying ₹1.5 Lakhs 8GB RAM truly revolutionary.",1
Final Cut Pro 2026 Full Tutorial,"Truly, Rendering 4K video took 3 days. Blazing fast....",1
My Code Compiled on the First Try!,"Oh, copy-pasted computer caught fire. Thanks! Masterpiece.",1
Monsoon arrives in Namma Bengaluru,Awesome. Love local culture vibe city.,0
Building a mechanical keyboard from scratch,Awesome. Thanks comparing previous generation. Thanks sharing.,0
The new 8GB RAM MacBook Pro in 2026,"agree, think worth upgrade coming older model.",0
Deploying to Production on Friday at 5 PM,"Truly, tutorial fixed marriage....",1
Understanding Pointers in C,"Oh, Great tutorial! need retinas anyway. Masterpiece.",1
Taking a flight from Patna to Bengaluru,Awesome. Beautiful shots Cubbon Park. green!,0
Apple announces new $999 Monitor Stand,"Lmao, Can't wait buy charger separately another $200....",1
Using Light Theme in VS Code,"agree, Great perspective. Focusing control essential. helpful.",0
Renting a 1BHK in Indiranagar 2026,"Oh, enjoy swimming campus every July. Incredible.",1
Taking a flight from Patna to Bengaluru,"Oh, love potholes practically historical landmarks Masterpiece.",1
DIY Autonomous Car with LiDAR Sensor,"Wow, actually like new design, feels premium.",0
Building a Flask API for my Assignment Tracker,"Lmao, Wow, fast! took 3 hours print Hello World. brave.",1
Monsoon arrives in Namma Bengaluru,"Wow, Love local culture vibe city.",0
Adobe After Effects vs Apple Motion,"Honestly, audio mixing tips end lifesaver. helpful.",0
Understanding Pointers in C,"Oh, nothing says 'relaxing weekend' like catastrophic database failure.",1
Color Grading in Pixelmator Pro,"Oh good, another subscription model drain bank account.",1
Final Cut Pro 2026 Full Tutorial,Brilliant. favorite feature eats 64GB RAM instantly....,1
Apple announces new $999 Monitor Stand,"Wow, Great camera test! low light performance impressive. Keep",0
Renting a 1BHK in Indiranagar 2026,"Wow, Great vlog! Brings back memories college days. helpful.",0
Building a Flask API for my Assignment Tracker,"Honestly, prefer using Docker method works great",0
Using Light Theme in VS Code,Brilliant. nothing says 'relaxing weekend' like catastrophic database failure. Masterpiece.,1
How to center a div in CSS,"Wow, Ah yes, unsolved problem modern physics.",1
Apple announces new $999 Monitor Stand,"Awesome. actually like new design, feels premium.",0
Understanding Pointers in C,Great video. prefer using Docker method works great Thanks sharing.,0
Renting a 1BHK in Indiranagar 2026,biryani ordered looks fantastic.,0
Building a Flask API for my Assignment Tracker,"Thanks! know shortcut, helpful.",0
Why Python is the absolute fastest language,"Honestly, concise point. Subscribed.",0
Why Python is the absolute fastest language,"Haha, Truly groundbreaking use nested loop 2026.",1
Java vs C++ for Competitive Programming,"Ah yes, Yes, HTML code self-aware Incredible.",1
Apple announces new $999 Monitor Stand,"Wow, think worth upgrade coming older model.",0
Best FxPlug Plugins for Creators,"Haha, favorite feature eats 64GB RAM instantly.",1
DIY Autonomous Car with LiDAR Sensor,"Honestly, Good thorough review, especially thermal testing.",0
Is Web3 the future of the internet?,"agree, think worth upgrade coming older model.",0
Best street food in Bengaluru,metro extension really helping commute. Thanks sharing.,0
Renting a 1BHK in Indiranagar 2026,"Truly, Nothing like 2-hour commute 5km distance build character.",1
My Code Compiled on the First Try!,"agree, prefer using Docker method works great",0
Building a Flask API for my Assignment Tracker,"Honestly, know shortcut, helpful.",0
Best street food in Bengaluru,Great video. share exact location Dosa place? Thanks sharing.,0
I Built a Machine Learning Model in 5 Minutes,"Yes, HTML code self-aware",1
Reviewing the new Raspberry Pi 6,"Oh, Oh wow, paying ₹1.5 Lakhs 8GB RAM truly revolutionary. brave.",1
Best street food in Bengaluru,"Ah yes, 40k rent broom closet? steal! Masterpiece.",1
The new 8GB RAM MacBook Pro in 2026,definitely want pay $40 gas fee like tweet. Sign,1
DIY Autonomous Car with LiDAR Sensor,Thanks! upgraded processing power makes perfect autonomous drone project. helpful.,0
Apple announces new $999 Monitor Stand,"Finally, reasonably priced piece metal. desk feeling cheap. Incredible.",1
Best street food in Bengaluru,"Truly, auto driver asked 500 rupees cross street. Fair price. needed.",1
Best street food in Bengaluru,Nothing like 2-hour commute 5km distance build character. needed.,1
Bengaluru Traffic Timelapse (Silk Board),Awesome. Beautiful shots Cubbon Park. green!,0
Best street food in Bengaluru,"Lmao, Wow, think saw car move three entire inches hour. Thrilling pace. Masterpiece.",1
Apple announces new $999 Monitor Stand,"Haha, generous Next year maybe get floppy disk drive needed.",1
Final Cut Pro 2026 Full Tutorial,Brilliant. Rendering 4K video took 3 days. Blazing fast....,1
Reviewing the new Raspberry Pi 6,"Brilliant. Finally, reasonably priced piece metal. desk feeling cheap. Incredible.",1
Adobe After Effects vs Apple Motion,"looking tutorial writing custom FxPlug plugins, thank",0
Renting a 1BHK in Indiranagar 2026,"Wow, Nothing like 2-hour commute 5km distance build character. Incredible.",1
Best street food in Bengaluru,"Truly, Ah yes, paying premium flight sit tarmac 2 hours.",1
Final Cut Pro 2026 Full Tutorial,Great video. transition pack actually looks clean professional. Thanks sharing.,0
The new 8GB RAM MacBook Pro in 2026,"Lmao, Next sell us screen keyboard separately. Masterpiece.",1
Deploying to Production on Friday at 5 PM,"Oh, Sure buddy. Queen England. brave.",1
Building a mechanical keyboard from scratch,"agree, switches use? sound really smooth. Keep",0
The new 8GB RAM MacBook Pro in 2026,"Wow, Thanks comparing previous generation.",0
Final Cut Pro 2026 Full Tutorial,"Lmao, Yes, definitely needed 400 new transition wipes.",1
Color Grading in Pixelmator Pro,"Brilliant. Yes, definitely needed 400 new transition wipes.",1
Taking a flight from Patna to Bengaluru,"Wow, auto driver asked 500 rupees cross street. Fair price.",1
DIY Autonomous Car with LiDAR Sensor,"agree, Good thorough review, especially thermal testing. Keep",0
My Code Compiled on the First Try!,"Wow, concise point. Subscribed. helpful.",0
Monsoon arrives in Namma Bengaluru,Awesome. Beautiful shots Cubbon Park. green!,0
Building a Flask API for my Assignment Tracker,"Wow, prefer using Docker method works great Thanks sharing.",0
DIY Autonomous Car with LiDAR Sensor,"agree, Thanks comparing previous generation.",0
Taking a flight from Patna to Bengaluru,Thanks! Love local culture vibe city.,0
Final Cut Pro 2026 Full Tutorial,"Truly, Yes, definitely needed 400 new transition wipes.",1
Is Web3 the future of the internet?,Awesome. Great camera test! low light performance impressive. helpful.,0
Best street food in Bengaluru,"Wow, paneer butter masala last spot looked amazing. Definitely visiting next time.",0
Monsoon arrives in Namma Bengaluru,Brilliant. affordable! sell one kidney deposit.,1
Final Cut Pro 2026 Full Tutorial,"Honestly, looking tutorial writing custom FxPlug plugins, thank Keep",0
A day in the life of an MCA student at Presidency University,Great video. Love local culture vibe city.,0
Taking a flight from Patna to Bengaluru,Thanks! really miss weather Enjoy,0
DIY Autonomous Car with LiDAR Sensor,generous Next year maybe get floppy disk drive,1
The new 8GB RAM MacBook Pro in 2026,Awesome. think worth upgrade coming older model. Thanks sharing.,0
Color Grading in Pixelmator Pro,"Wow, user interface hidden need map find timeline. needed.",1
Learning PHP in 2026,"Great video. Thanks visual diagram, really helped understand pointers swap. Thanks sharing.",0
Adobe After Effects vs Apple Motion,Brilliant. favorite feature eats 64GB RAM instantly. brave.,1
Best FxPlug Plugins for Creators,"Truly, Ah, paying $50 plugin shakes screen. Worth brave.",1
Adobe After Effects vs Apple Motion,"Honestly, looking tutorial writing custom FxPlug plugins, thank Thanks sharing.",0
Renting a 1BHK in Indiranagar 2026,Beautiful shots Cubbon Park. green! Keep,0
I Built a Machine Learning Model in 5 Minutes,"Wow, Could follow-up video asynchronous functions? helpful.",0
Reviewing the new Raspberry Pi 6,"Wow, Great camera test! low light performance impressive. Thanks sharing.",0
Final Cut Pro 2026 Full Tutorial,"agree, audio mixing tips end lifesaver. Keep",0
Deploying to Production on Friday at 5 PM,Great video. straightforward explanation ever seen. helpful.,0
Renting a 1BHK in Indiranagar 2026,"Wow, Beautiful shots Cubbon Park. green! Keep",0
Final Cut Pro 2026 Full Tutorial,"Great video. looking tutorial writing custom FxPlug plugins, thank",0
Best street food in Bengaluru,"Lmao, Wow, think saw car move three entire inches hour. Thrilling pace....",1
Adobe After Effects vs Apple Motion,Thanks! Pixelmator Pro seriously giving Adobe run money.,0
Building a mechanical keyboard from scratch,"Truly, Finally, reasonably priced piece metal. desk feeling cheap. Masterpiece.",1
Bengaluru Traffic Timelapse (Silk Board),"Honestly, Great vlog! Brings back memories college days. Keep",0
Understanding Pointers in C,"Great video. Thanks visual diagram, really helped understand pointers swap. helpful.",0
Is Web3 the future of the internet?,Great video. using week battery life insane. helpful.,0
Taking a flight from Patna to Bengaluru,Brilliant. Nothing like 2-hour commute 5km distance build character....,1
Best FxPlug Plugins for Creators,new color grading tools massive step last year. Thanks sharing.,0
How to center a div in CSS,"Honestly, saved hours debugging MCA assignment, thank much!",0
